CO_POSICAO;SG_AREA;CO_ITEM;TX_GABARITO;CO_HABILIDADE;TX_COR;CO_PROVA;TP_LINGUA;IN_ITEM_ADAPTADO
1;CN;12091;B;18;AZUL;291;;0
2;CN;48829;C;8;AZUL;291;;0
3;CN;47464;A;11;AZUL;291;;0
4;CN;97711;D;1;AZUL;291;;0
5;CN;87728;B;26;AZUL;291;;0
6;CN;97755;C;7;AZUL;291;;0
7;CN;17509;E;24;AZUL;291;;0
8;CN;30321;D;8;AZUL;291;;0
9;CN;24399;C;23;AZUL;291;;0
10;CN;84210;C;17;AZUL;291;;0
11;CN;40320;B;15;AZUL;291;;0
12;CN;16366;A;1;AZUL;291;;0
13;CN;16901;D;25;AZUL;291;;0
14;CN;86572;B;5;AZUL;291;;0
15;CN;28297;D;27;AZUL;291;;0
16;CN;16924;C;15;AZUL;291;;0
17;CN;44548;A;9;AZUL;291;;0
18;CN;44432;D;20;AZUL;291;;0
19;CN;86725;B;19;AZUL;291;;0
20;CN;44365;E;30;AZUL;291;;0
21;CN;97445;B;17;AZUL;291;;0
22;CN;30497;D;3;AZUL;291;;0
23;CN;48366;B;25;AZUL;291;;0
24;CN;97740;E;10;AZUL;291;;0
25;CN;30419;A;18;AZUL;291;;0
26;CN;26114;D;28;AZUL;291;;0
27;CN;95618;C;19;AZUL;291;;0
28;CN;8493;C;12;AZUL;291;;0
29;CN;19553;A;5;AZUL;291;;0
30;CN;31940;E;14;AZUL;291;;0
31;CN;16893;A;24;AZUL;291;;0
32;CN;85599;C;20;AZUL;291;;0
33;CN;40112;D;27;AZUL;291;;0
34;CN;96212;B;29;AZUL;291;;0
35;CN;96446;E;4;AZUL;291;;0
36;CN;45050;D;2;AZUL;291;;0
37;CN;30968;B;2;AZUL;291;;0
38;CN;96483;C;13;AZUL;291;;0
39;CN;37399;A;3;AZUL;291;;0
40;CN;97497;C;17;AZUL;291;;0
41;CN;24455;A;22;AZUL;291;;0
42;CN;11898;E;14;AZUL;291;;0
43;CN;97272;B;21;AZUL;291;;0
44;CN;18346;E;17;AZUL;291;;0
45;CN;97811;E;16;AZUL;291;;0
1;CN;97711;D;1;AMARELA;292;;0
2;CN;87728;B;26;AMARELA;292;;0
3;CN;26114;D;28;AMARELA;292;;0
4;CN;95618;C;19;AMARELA;292;;0
5;CN;8493;C;12;AMARELA;292;;0
6;CN;19553;A;5;AMARELA;292;;0
7;CN;16924;C;15;AMARELA;292;;0
8;CN;44548;A;9;AMARELA;292;;0
9;CN;44432;D;20;AMARELA;292;;0
10;CN;40320;B;15;AMARELA;292;;0
11;CN;16366;A;1;AMARELA;292;;0
12;CN;16901;D;25;AMARELA;292;;0
13;CN;12091;B;18;AMARELA;292;;0
14;CN;48829;C;8;AMARELA;292;;0
15;CN;47464;A;11;AMARELA;292;;0
16;CN;86572;B;5;AMARELA;292;;0
17;CN;28297;D;27;AMARELA;292;;0
18;CN;11898;E;14;AMARELA;292;;0
19;CN;97272;B;21;AMARELA;292;;0
20;CN;18346;E;17;AMARELA;292;;0
21;CN;97811;E;16;AMARELA;292;;0
22;CN;97755;C;7;AMARELA;292;;0
23;CN;17509;E;24;AMARELA;292;;0
24;CN;85599;C;20;AMARELA;292;;0
25;CN;40112;D;27;AMARELA;292;;0
26;CN;45050;D;2;AMARELA;292;;0
27;CN;30968;B;2;AMARELA;292;;0
28;CN;96483;C;13;AMARELA;292;;0
29;CN;37399;A;3;AMARELA;292;;0
30;CN;30321;D;8;AMARELA;292;;0
31;CN;24399;C;23;AMARELA;292;;0
32;CN;84210;C;17;AMARELA;292;;0
33;CN;86725;B;19;AMARELA;292;;0
34;CN;44365;E;30;AMARELA;292;;0
35;CN;97445;B;17;AMARELA;292;;0
36;CN;96212;B;29;AMARELA;292;;0
37;CN;96446;E;4;AMARELA;292;;0
38;CN;30497;D;3;AMARELA;292;;0
39;CN;48366;B;25;AMARELA;292;;0
40;CN;97740;E;10;AMARELA;292;;0
41;CN;30419;A;18;AMARELA;292;;0
42;CN;31940;E;14;AMARELA;292;;0
43;CN;16893;A;24;AMARELA;292;;0
44;CN;97497;C;17;AMARELA;292;;0
45;CN;24455;A;22;AMARELA;292;;0
1;CN;11898;E;14;BRANCA;293;;0
2;CN;97272;B;21;BRANCA;293;;0
3;CN;18346;E;17;BRANCA;293;;0
4;CN;97811;E;16;BRANCA;293;;0
5;CN;97497;C;17;BRANCA;293;;0
6;CN;24455;A;22;BRANCA;293;;0
7;CN;45050;D;2;BRANCA;293;;0
8;CN;30968;B;2;BRANCA;293;;0
9;CN;96483;C;13;BRANCA;293;;0
10;CN;37399;A;3;BRANCA;293;;0
11;CN;96212;B;29;BRANCA;293;;0
12;CN;96446;E;4;BRANCA;293;;0
13;CN;85599;C;20;BRANCA;293;;0
14;CN;40112;D;27;BRANCA;293;;0
15;CN;30497;D;3;BRANCA;293;;0
16;CN;48366;B;25;BRANCA;293;;0
17;CN;97740;E;10;BRANCA;293;;0
18;CN;30419;A;18;BRANCA;293;;0
19;CN;26114;D;28;BRANCA;293;;0
20;CN;95618;C;19;BRANCA;293;;0
21;CN;8493;C;12;BRANCA;293;;0
22;CN;19553;A;5;BRANCA;293;;0
23;CN;86572;B;5;BRANCA;293;;0
24;CN;28297;D;27;BRANCA;293;;0
25;CN;31940;E;14;BRANCA;293;;0
26;CN;16893;A;24;BRANCA;293;;0
27;CN;86725;B;19;BRANCA;293;;0
28;CN;44365;E;30;BRANCA;293;;0
29;CN;97445;B;17;BRANCA;293;;0
30;CN;16924;C;15;BRANCA;293;;0
31;CN;44548;A;9;BRANCA;293;;0
32;CN;44432;D;20;BRANCA;293;;0
33;CN;40320;B;15;BRANCA;293;;0
34;CN;16366;A;1;BRANCA;293;;0
35;CN;16901;D;25;BRANCA;293;;0
36;CN;30321;D;8;BRANCA;293;;0
37;CN;24399;C;23;BRANCA;293;;0
38;CN;84210;C;17;BRANCA;293;;0
39;CN;97755;C;7;BRANCA;293;;0
40;CN;17509;E;24;BRANCA;293;;0
41;CN;97711;D;1;BRANCA;293;;0
42;CN;87728;B;26;BRANCA;293;;0
43;CN;12091;B;18;BRANCA;293;;0
44;CN;48829;C;8;BRANCA;293;;0
45;CN;47464;A;11;BRANCA;293;;0
1;CN;31940;E;14;ROSA;294;;0
2;CN;16893;A;24;ROSA;294;;0
3;CN;97711;D;1;ROSA;294;;0
4;CN;87728;B;26;ROSA;294;;0
5;CN;30321;D;8;ROSA;294;;0
6;CN;24399;C;23;ROSA;294;;0
7;CN;84210;C;17;ROSA;294;;0
8;CN;40320;B;15;ROSA;294;;0
9;CN;16366;A;1;ROSA;294;;0
10;CN;16901;D;25;ROSA;294;;0
11;CN;86725;B;19;ROSA;294;;0
12;CN;44365;E;30;ROSA;294;;0
13;CN;97445;B;17;ROSA;294;;0
14;CN;97755;C;7;ROSA;294;;0
15;CN;17509;E;24;ROSA;294;;0
16;CN;12091;B;18;ROSA;294;;0
17;CN;48829;C;8;ROSA;294;;0
18;CN;47464;A;11;ROSA;294;;0
19;CN;86572;B;5;ROSA;294;;0
20;CN;28297;D;27;ROSA;294;;0
21;CN;11898;E;14;ROSA;294;;0
22;CN;97272;B;21;ROSA;294;;0
23;CN;18346;E;17;ROSA;294;;0
24;CN;97811;E;16;ROSA;294;;0
25;CN;96212;B;29;ROSA;294;;0
26;CN;96446;E;4;ROSA;294;;0
27;CN;16924;C;15;ROSA;294;;0
28;CN;44548;A;9;ROSA;294;;0
29;CN;44432;D;20;ROSA;294;;0
30;CN;30497;D;3;ROSA;294;;0
31;CN;48366;B;25;ROSA;294;;0
32;CN;97740;E;10;ROSA;294;;0
33;CN;30419;A;18;ROSA;294;;0
34;CN;97497;C;17;ROSA;294;;0
35;CN;24455;A;22;ROSA;294;;0
36;CN;85599;C;20;ROSA;294;;0
37;CN;40112;D;27;ROSA;294;;0
38;CN;45050;D;2;ROSA;294;;0
39;CN;30968;B;2;ROSA;294;;0
40;CN;96483;C;13;ROSA;294;;0
41;CN;37399;A;3;ROSA;294;;0
42;CN;26114;D;28;ROSA;294;;0
43;CN;95618;C;19;ROSA;294;;0
44;CN;8493;C;12;ROSA;294;;0
45;CN;19553;A;5;ROSA;294;;0
1;CN;11898;E;14;BRANCA;307;;1
2;CN;97272;B;21;BRANCA;307;;1
3;CN;64045;E;17;BRANCA;307;;1
4;CN;97811;E;16;BRANCA;307;;1
5;CN;40637;C;26;BRANCA;307;;1
6;CN;8946;A;21;BRANCA;307;;1
7;CN;28618;D;8;BRANCA;307;;1
8;CN;30968;B;2;BRANCA;307;;1
9;CN;96483;C;13;BRANCA;307;;1
10;CN;37399;A;3;BRANCA;307;;1
11;CN;25337;B;29;BRANCA;307;;1
12;CN;96446;E;4;BRANCA;307;;1
13;CN;85599;C;20;BRANCA;307;;1
14;CN;40679;D;27;BRANCA;307;;1
15;CN;30497;D;3;BRANCA;307;;1
16;CN;48366;B;25;BRANCA;307;;1
17;CN;97740;E;10;BRANCA;307;;1
18;CN;30419;A;18;BRANCA;307;;1
19;CN;26114;D;28;BRANCA;307;;1
20;CN;95618;C;19;BRANCA;307;;1
21;CN;8493;C;12;BRANCA;307;;1
22;CN;19553;A;5;BRANCA;307;;1
23;CN;86572;B;5;BRANCA;307;;1
24;CN;28297;D;27;BRANCA;307;;1
25;CN;17893;E;14;BRANCA;307;;1
26;CN;16893;A;24;BRANCA;307;;1
27;CN;86725;B;19;BRANCA;307;;1
28;CN;44365;E;30;BRANCA;307;;1
29;CN;97445;B;17;BRANCA;307;;1
30;CN;8940;C;14;BRANCA;307;;1
31;CN;44548;A;9;BRANCA;307;;1
32;CN;27150;D;18;BRANCA;307;;1
33;CN;40320;B;15;BRANCA;307;;1
34;CN;16366;A;1;BRANCA;307;;1
35;CN;16901;D;25;BRANCA;307;;1
36;CN;30321;D;8;BRANCA;307;;1
37;CN;24399;C;23;BRANCA;307;;1
38;CN;25269;C;20;BRANCA;307;;1
39;CN;97755;C;7;BRANCA;307;;1
40;CN;17769;E;24;BRANCA;307;;1
41;CN;8866;D;17;BRANCA;307;;1
42;CN;87728;B;26;BRANCA;307;;1
43;CN;12091;B;18;BRANCA;307;;1
44;CN;48829;C;8;BRANCA;307;;1
45;CN;47464;A;11;BRANCA;307;;1
1;CH;96431;B;23;AZUL;295;;0
2;CH;86985;C;22;AZUL;295;;0
3;CH;96455;B;26;AZUL;295;;0
4;CH;88207;C;19;AZUL;295;;0
5;CH;29404;C;2;AZUL;295;;0
6;CH;83823;A;4;AZUL;295;;0
7;CH;97414;D;4;AZUL;295;;0
8;CH;27437;C;11;AZUL;295;;0
9;CH;41083;C;16;AZUL;295;;0
10;CH;98123;B;13;AZUL;295;;0
11;CH;88329;E;5;AZUL;295;;0
12;CH;86911;D;29;AZUL;295;;0
13;CH;97744;D;13;AZUL;295;;0
14;CH;85884;B;12;AZUL;295;;0
15;CH;97774;E;21;AZUL;295;;0
16;CH;97290;E;9;AZUL;295;;0
17;CH;54683;A;6;AZUL;295;;0
18;CH;98025;D;30;AZUL;295;;0
19;CH;54217;B;18;AZUL;295;;0
20;CH;95568;D;1;AZUL;295;;0
21;CH;24936;C;7;AZUL;295;;0
22;CH;38717;E;10;AZUL;295;;0
23;CH;86763;C;14;AZUL;295;;0
24;CH;87834;C;25;AZUL;295;;0
25;CH;86885;B;20;AZUL;295;;0
26;CH;62021;B;5;AZUL;295;;0
27;CH;18415;E;8;AZUL;295;;0
28;CH;66550;C;3;AZUL;295;;0
29;CH;97055;A;26;AZUL;295;;0
30;CH;29210;E;30;AZUL;295;;0
31;CH;86787;E;14;AZUL;295;;0
32;CH;88274;D;1;AZUL;295;;0
33;CH;63486;D;8;AZUL;295;;0
34;CH;55998;A;27;AZUL;295;;0
35;CH;84259;D;24;AZUL;295;;0
36;CH;62417;C;28;AZUL;295;;0
37;CH;85304;D;3;AZUL;295;;0
38;CH;11802;D;17;AZUL;295;;0
39;CH;63738;A;27;AZUL;295;;0
40;CH;39993;C;16;AZUL;295;;0
41;CH;97360;A;15;AZUL;295;;0
42;CH;43313;A;21;AZUL;295;;0
43;CH;63607;D;18;AZUL;295;;0
44;CH;97370;B;19;AZUL;295;;0
45;CH;96572;A;6;AZUL;295;;0
1;CH;97774;E;21;AMARELA;296;;0
2;CH;97290;E;9;AMARELA;296;;0
3;CH;96431;B;23;AMARELA;296;;0
4;CH;86985;C;22;AMARELA;296;;0
5;CH;96455;B;26;AMARELA;296;;0
6;CH;88207;C;19;AMARELA;296;;0
7;CH;88329;E;5;AMARELA;296;;0
8;CH;86911;D;29;AMARELA;296;;0
9;CH;97744;D;13;AMARELA;296;;0
10;CH;85884;B;12;AMARELA;296;;0
11;CH;85304;D;3;AMARELA;296;;0
12;CH;11802;D;17;AMARELA;296;;0
13;CH;63738;A;27;AMARELA;296;;0
14;CH;39993;C;16;AMARELA;296;;0
15;CH;27437;C;11;AMARELA;296;;0
16;CH;41083;C;16;AMARELA;296;;0
17;CH;98123;B;13;AMARELA;296;;0
18;CH;29404;C;2;AMARELA;296;;0
19;CH;83823;A;4;AMARELA;296;;0
20;CH;97414;D;4;AMARELA;296;;0
21;CH;54683;A;6;AMARELA;296;;0
22;CH;98025;D;30;AMARELA;296;;0
23;CH;54217;B;18;AMARELA;296;;0
24;CH;97360;A;15;AMARELA;296;;0
25;CH;43313;A;21;AMARELA;296;;0
26;CH;63607;D;18;AMARELA;296;;0
27;CH;86787;E;14;AMARELA;296;;0
28;CH;88274;D;1;AMARELA;296;;0
29;CH;63486;D;8;AMARELA;296;;0
30;CH;55998;A;27;AMARELA;296;;0
31;CH;84259;D;24;AMARELA;296;;0
32;CH;62417;C;28;AMARELA;296;;0
33;CH;18415;E;8;AMARELA;296;;0
34;CH;66550;C;3;AMARELA;296;;0
35;CH;97055;A;26;AMARELA;296;;0
36;CH;29210;E;30;AMARELA;296;;0
37;CH;87834;C;25;AMARELA;296;;0
38;CH;86885;B;20;AMARELA;296;;0
39;CH;62021;B;5;AMARELA;296;;0
40;CH;97370;B;19;AMARELA;296;;0
41;CH;96572;A;6;AMARELA;296;;0
42;CH;95568;D;1;AMARELA;296;;0
43;CH;24936;C;7;AMARELA;296;;0
44;CH;38717;E;10;AMARELA;296;;0
45;CH;86763;C;14;AMARELA;296;;0
1;CH;95568;D;1;BRANCA;297;;0
2;CH;24936;C;7;BRANCA;297;;0
3;CH;38717;E;10;BRANCA;297;;0
4;CH;86763;C;14;BRANCA;297;;0
5;CH;97370;B;19;BRANCA;297;;0
6;CH;96572;A;6;BRANCA;297;;0
7;CH;97360;A;15;BRANCA;297;;0
8;CH;43313;A;21;BRANCA;297;;0
9;CH;63607;D;18;BRANCA;297;;0
10;CH;87834;C;25;BRANCA;297;;0
11;CH;86885;B;20;BRANCA;297;;0
12;CH;62021;B;5;BRANCA;297;;0
13;CH;18415;E;8;BRANCA;297;;0
14;CH;66550;C;3;BRANCA;297;;0
15;CH;97055;A;26;BRANCA;297;;0
16;CH;29210;E;30;BRANCA;297;;0
17;CH;84259;D;24;BRANCA;297;;0
18;CH;62417;C;28;BRANCA;297;;0
19;CH;86787;E;14;BRANCA;297;;0
20;CH;88274;D;1;BRANCA;297;;0
21;CH;63486;D;8;BRANCA;297;;0
22;CH;55998;A;27;BRANCA;297;;0
23;CH;27437;C;11;BRANCA;297;;0
24;CH;41083;C;16;BRANCA;297;;0
25;CH;98123;B;13;BRANCA;297;;0
26;CH;85304;D;3;BRANCA;297;;0
27;CH;11802;D;17;BRANCA;297;;0
28;CH;63738;A;27;BRANCA;297;;0
29;CH;39993;C;16;BRANCA;297;;0
30;CH;88329;E;5;BRANCA;297;;0
31;CH;86911;D;29;BRANCA;297;;0
32;CH;97744;D;13;BRANCA;297;;0
33;CH;85884;B;12;BRANCA;297;;0
34;CH;54683;A;6;BRANCA;297;;0
35;CH;98025;D;30;BRANCA;297;;0
36;CH;54217;B;18;BRANCA;297;;0
37;CH;29404;C;2;BRANCA;297;;0
38;CH;83823;A;4;BRANCA;297;;0
39;CH;97414;D;4;BRANCA;297;;0
40;CH;96431;B;23;BRANCA;297;;0
41;CH;86985;C;22;BRANCA;297;;0
42;CH;96455;B;26;BRANCA;297;;0
43;CH;88207;C;19;BRANCA;297;;0
44;CH;97774;E;21;BRANCA;297;;0
45;CH;97290;E;9;BRANCA;297;;0
1;CH;88329;E;5;ROSA;298;;0
2;CH;86911;D;29;ROSA;298;;0
3;CH;97744;D;13;ROSA;298;;0
4;CH;85884;B;12;ROSA;298;;0
5;CH;85304;D;3;ROSA;298;;0
6;CH;11802;D;17;ROSA;298;;0
7;CH;63738;A;27;ROSA;298;;0
8;CH;39993;C;16;ROSA;298;;0
9;CH;84259;D;24;ROSA;298;;0
10;CH;62417;C;28;ROSA;298;;0
11;CH;86787;E;14;ROSA;298;;0
12;CH;88274;D;1;ROSA;298;;0
13;CH;63486;D;8;ROSA;298;;0
14;CH;55998;A;27;ROSA;298;;0
15;CH;87834;C;25;ROSA;298;;0
16;CH;86885;B;20;ROSA;298;;0
17;CH;62021;B;5;ROSA;298;;0
18;CH;96431;B;23;ROSA;298;;0
19;CH;86985;C;22;ROSA;298;;0
20;CH;96455;B;26;ROSA;298;;0
21;CH;88207;C;19;ROSA;298;;0
22;CH;95568;D;1;ROSA;298;;0
23;CH;24936;C;7;ROSA;298;;0
24;CH;38717;E;10;ROSA;298;;0
25;CH;86763;C;14;ROSA;298;;0
26;CH;54683;A;6;ROSA;298;;0
27;CH;98025;D;30;ROSA;298;;0
28;CH;54217;B;18;ROSA;298;;0
29;CH;97774;E;21;ROSA;298;;0
30;CH;97290;E;9;ROSA;298;;0
31;CH;97370;B;19;ROSA;298;;0
32;CH;96572;A;6;ROSA;298;;0
33;CH;97360;A;15;ROSA;298;;0
34;CH;43313;A;21;ROSA;298;;0
35;CH;63607;D;18;ROSA;298;;0
36;CH;18415;E;8;ROSA;298;;0
37;CH;66550;C;3;ROSA;298;;0
38;CH;97055;A;26;ROSA;298;;0
39;CH;29210;E;30;ROSA;298;;0
40;CH;27437;C;11;ROSA;298;;0
41;CH;41083;C;16;ROSA;298;;0
42;CH;98123;B;13;ROSA;298;;0
43;CH;29404;C;2;ROSA;298;;0
44;CH;83823;A;4;ROSA;298;;0
45;CH;97414;D;4;ROSA;298;;0
1;CH;95568;D;1;BRANCA;308;;1
2;CH;24936;C;7;BRANCA;308;;1
3;CH;38717;E;10;BRANCA;308;;1
4;CH;86763;C;14;BRANCA;308;;1
5;CH;97370;B;19;BRANCA;308;;1
6;CH;96572;A;6;BRANCA;308;;1
7;CH;97360;A;15;BRANCA;308;;1
8;CH;43313;A;21;BRANCA;308;;1
9;CH;63607;D;18;BRANCA;308;;1
10;CH;87834;C;25;BRANCA;308;;1
11;CH;86885;B;20;BRANCA;308;;1
12;CH;62021;B;5;BRANCA;308;;1
13;CH;18415;E;8;BRANCA;308;;1
14;CH;66550;C;3;BRANCA;308;;1
15;CH;97055;A;26;BRANCA;308;;1
16;CH;29210;E;30;BRANCA;308;;1
17;CH;84259;D;24;BRANCA;308;;1
18;CH;62417;C;28;BRANCA;308;;1
19;CH;86787;E;14;BRANCA;308;;1
20;CH;88274;D;1;BRANCA;308;;1
21;CH;63486;D;8;BRANCA;308;;1
22;CH;55998;A;27;BRANCA;308;;1
23;CH;27437;C;11;BRANCA;308;;1
24;CH;41083;C;16;BRANCA;308;;1
25;CH;98123;B;13;BRANCA;308;;1
26;CH;85304;D;3;BRANCA;308;;1
27;CH;11802;D;17;BRANCA;308;;1
28;CH;63738;A;27;BRANCA;308;;1
29;CH;39993;C;16;BRANCA;308;;1
30;CH;88329;E;5;BRANCA;308;;1
31;CH;86911;D;29;BRANCA;308;;1
32;CH;97744;D;13;BRANCA;308;;1
33;CH;85884;B;12;BRANCA;308;;1
34;CH;54683;A;6;BRANCA;308;;1
35;CH;98025;D;30;BRANCA;308;;1
36;CH;54217;B;18;BRANCA;308;;1
37;CH;29404;C;2;BRANCA;308;;1
38;CH;83823;A;4;BRANCA;308;;1
39;CH;97414;D;4;BRANCA;308;;1
40;CH;96431;B;23;BRANCA;308;;1
41;CH;86985;C;22;BRANCA;308;;1
42;CH;96455;B;26;BRANCA;308;;1
43;CH;88207;C;19;BRANCA;308;;1
44;CH;97774;E;21;BRANCA;308;;1
45;CH;97290;E;9;BRANCA;308;;1
1;LC;23559;D;6;AMARELA;300;0;0
2;LC;30170;E;8;AMARELA;300;0;0
3;LC;39570;C;6;AMARELA;300;0;0
4;LC;27055;E;7;AMARELA;300;0;0
5;LC;40290;A;5;AMARELA;300;0;0
6;LC;55307;C;5;AMARELA;300;1;0
7;LC;54904;C;6;AMARELA;300;1;0
8;LC;22565;E;5;AMARELA;300;1;0
9;LC;55970;B;7;AMARELA;300;1;0
10;LC;23733;B;8;AMARELA;300;1;0
11;LC;96818;D;19;AMARELA;300;;0
12;LC;67813;A;2;AMARELA;300;;0
13;LC;49264;D;28;AMARELA;300;;0
14;LC;97334;E;15;AMARELA;300;;0
15;LC;68217;B;29;AMARELA;300;;0
16;LC;45089;A;14;AMARELA;300;;0
17;LC;13547;B;25;AMARELA;300;;0
18;LC;21776;E;16;AMARELA;300;;0
19;LC;17194;A;16;AMARELA;300;;0
20;LC;86338;A;23;AMARELA;300;;0
21;LC;40014;E;27;AMARELA;300;;0
22;LC;97420;D;16;AMARELA;300;;0
23;LC;83000;C;16;AMARELA;300;;0
24;LC;50236;B;12;AMARELA;300;;0
25;LC;35682;C;18;AMARELA;300;;0
26;LC;97113;A;20;AMARELA;300;;0
27;LC;83851;B;22;AMARELA;300;;0
28;LC;85805;D;18;AMARELA;300;;0
29;LC;96670;C;3;AMARELA;300;;0
30;LC;38027;E;17;AMARELA;300;;0
31;LC;97949;B;17;AMARELA;300;;0
32;LC;96667;A;3;AMARELA;300;;0
33;LC;82375;D;21;AMARELA;300;;0
34;LC;97945;C;16;AMARELA;300;;0
35;LC;96509;E;1;AMARELA;300;;0
36;LC;98005;B;26;AMARELA;300;;0
37;LC;96640;A;1;AMARELA;300;;0
38;LC;61388;A;12;AMARELA;300;;0
39;LC;61413;E;4;AMARELA;300;;0
40;LC;98083;C;9;AMARELA;300;;0
41;LC;97244;B;10;AMARELA;300;;0
42;LC;98151;B;11;AMARELA;300;;0
43;LC;97379;C;30;AMARELA;300;;0
44;LC;27677;B;13;AMARELA;300;;0
45;LC;28735;D;1;AMARELA;300;;0
46;LC;55655;A;24;AMARELA;300;;0
47;LC;86586;B;18;AMARELA;300;;0
48;LC;39973;E;25;AMARELA;300;;0
49;LC;96749;B;16;AMARELA;300;;0
50;LC;97467;B;24;AMARELA;300;;0
1;LC;30170;E;8;CINZA;302;0;0
2;LC;23559;D;6;CINZA;302;0;0
3;LC;27055;E;7;CINZA;302;0;0
4;LC;39570;C;6;CINZA;302;0;0
5;LC;40290;A;5;CINZA;302;0;0
6;LC;54904;C;6;CINZA;302;1;0
7;LC;55307;C;5;CINZA;302;1;0
8;LC;55970;B;7;CINZA;302;1;0
9;LC;23733;B;8;CINZA;302;1;0
10;LC;22565;E;5;CINZA;302;1;0
11;LC;96818;D;19;CINZA;302;;0
12;LC;39973;E;25;CINZA;302;;0
13;LC;96749;B;16;CINZA;302;;0
14;LC;97467;B;24;CINZA;302;;0
15;LC;27677;B;13;CINZA;302;;0
16;LC;28735;D;1;CINZA;302;;0
17;LC;55655;A;24;CINZA;302;;0
18;LC;86586;B;18;CINZA;302;;0
19;LC;98083;C;9;CINZA;302;;0
20;LC;97244;B;10;CINZA;302;;0
21;LC;98151;B;11;CINZA;302;;0
22;LC;97379;C;30;CINZA;302;;0
23;LC;96670;C;3;CINZA;302;;0
24;LC;38027;E;17;CINZA;302;;0
25;LC;97949;B;17;CINZA;302;;0
26;LC;96667;A;3;CINZA;302;;0
27;LC;82375;D;21;CINZA;302;;0
28;LC;97945;C;16;CINZA;302;;0
29;LC;96509;E;1;CINZA;302;;0
30;LC;98005;B;26;CINZA;302;;0
31;LC;96640;A;1;CINZA;302;;0
32;LC;61388;A;12;CINZA;302;;0
33;LC;61413;E;4;CINZA;302;;0
34;LC;17194;A;16;CINZA;302;;0
35;LC;86338;A;23;CINZA;302;;0
36;LC;40014;E;27;CINZA;302;;0
37;LC;97420;D;16;CINZA;302;;0
38;LC;83000;C;16;CINZA;302;;0
39;LC;50236;B;12;CINZA;302;;0
40;LC;35682;C;18;CINZA;302;;0
41;LC;97113;A;20;CINZA;302;;0
42;LC;83851;B;22;CINZA;302;;0
43;LC;85805;D;18;CINZA;302;;0
44;LC;68217;B;29;CINZA;302;;0
45;LC;45089;A;14;CINZA;302;;0
46;LC;13547;B;25;CINZA;302;;0
47;LC;21776;E;16;CINZA;302;;0
48;LC;67813;A;2;CINZA;302;;0
49;LC;49264;D;28;CINZA;302;;0
50;LC;97334;E;15;CINZA;302;;0
1;LC;39570;C;6;AZUL;299;0;0
2;LC;27055;E;7;AZUL;299;0;0
3;LC;23559;D;6;AZUL;299;0;0
4;LC;30170;E;8;AZUL;299;0;0
5;LC;40290;A;5;AZUL;299;0;0
6;LC;55307;C;5;AZUL;299;1;0
7;LC;54904;C;6;AZUL;299;1;0
8;LC;23733;B;8;AZUL;299;1;0
9;LC;22565;E;5;AZUL;299;1;0
10;LC;55970;B;7;AZUL;299;1;0
11;LC;96818;D;19;AZUL;299;;0
12;LC;68217;B;29;AZUL;299;;0
13;LC;45089;A;14;AZUL;299;;0
14;LC;13547;B;25;AZUL;299;;0
15;LC;21776;E;16;AZUL;299;;0
16;LC;35682;C;18;AZUL;299;;0
17;LC;97113;A;20;AZUL;299;;0
18;LC;83851;B;22;AZUL;299;;0
19;LC;85805;D;18;AZUL;299;;0
20;LC;67813;A;2;AZUL;299;;0
21;LC;49264;D;28;AZUL;299;;0
22;LC;97334;E;15;AZUL;299;;0
23;LC;96667;A;3;AZUL;299;;0
24;LC;82375;D;21;AZUL;299;;0
25;LC;97945;C;16;AZUL;299;;0
26;LC;96509;E;1;AZUL;299;;0
27;LC;97420;D;16;AZUL;299;;0
28;LC;83000;C;16;AZUL;299;;0
29;LC;50236;B;12;AZUL;299;;0
30;LC;39973;E;25;AZUL;299;;0
31;LC;96749;B;16;AZUL;299;;0
32;LC;97467;B;24;AZUL;299;;0
33;LC;96670;C;3;AZUL;299;;0
34;LC;38027;E;17;AZUL;299;;0
35;LC;97949;B;17;AZUL;299;;0
36;LC;17194;A;16;AZUL;299;;0
37;LC;86338;A;23;AZUL;299;;0
38;LC;40014;E;27;AZUL;299;;0
39;LC;98005;B;26;AZUL;299;;0
40;LC;96640;A;1;AZUL;299;;0
41;LC;61388;A;12;AZUL;299;;0
42;LC;61413;E;4;AZUL;299;;0
43;LC;98083;C;9;AZUL;299;;0
44;LC;97244;B;10;AZUL;299;;0
45;LC;98151;B;11;AZUL;299;;0
46;LC;97379;C;30;AZUL;299;;0
47;LC;27677;B;13;AZUL;299;;0
48;LC;28735;D;1;AZUL;299;;0
49;LC;55655;A;24;AZUL;299;;0
50;LC;86586;B;18;AZUL;299;;0
1;LC;27055;E;7;ROSA;301;0;0
2;LC;30170;E;8;ROSA;301;0;0
3;LC;39570;C;6;ROSA;301;0;0
4;LC;23559;D;6;ROSA;301;0;0
5;LC;40290;A;5;ROSA;301;0;0
6;LC;23733;B;8;ROSA;301;1;0
7;LC;55970;B;7;ROSA;301;1;0
8;LC;22565;E;5;ROSA;301;1;0
9;LC;54904;C;6;ROSA;301;1;0
10;LC;55307;C;5;ROSA;301;1;0
11;LC;96818;D;19;ROSA;301;;0
12;LC;17194;A;16;ROSA;301;;0
13;LC;86338;A;23;ROSA;301;;0
14;LC;40014;E;27;ROSA;301;;0
15;LC;98083;C;9;ROSA;301;;0
16;LC;97244;B;10;ROSA;301;;0
17;LC;98151;B;11;ROSA;301;;0
18;LC;97379;C;30;ROSA;301;;0
19;LC;27677;B;13;ROSA;301;;0
20;LC;28735;D;1;ROSA;301;;0
21;LC;55655;A;24;ROSA;301;;0
22;LC;86586;B;18;ROSA;301;;0
23;LC;98005;B;26;ROSA;301;;0
24;LC;96640;A;1;ROSA;301;;0
25;LC;61388;A;12;ROSA;301;;0
26;LC;61413;E;4;ROSA;301;;0
27;LC;39973;E;25;ROSA;301;;0
28;LC;96749;B;16;ROSA;301;;0
29;LC;97467;B;24;ROSA;301;;0
30;LC;97420;D;16;ROSA;301;;0
31;LC;83000;C;16;ROSA;301;;0
32;LC;50236;B;12;ROSA;301;;0
33;LC;67813;A;2;ROSA;301;;0
34;LC;49264;D;28;ROSA;301;;0
35;LC;97334;E;15;ROSA;301;;0
36;LC;68217;B;29;ROSA;301;;0
37;LC;45089;A;14;ROSA;301;;0
38;LC;13547;B;25;ROSA;301;;0
39;LC;21776;E;16;ROSA;301;;0
40;LC;96667;A;3;ROSA;301;;0
41;LC;82375;D;21;ROSA;301;;0
42;LC;97945;C;16;ROSA;301;;0
43;LC;96509;E;1;ROSA;301;;0
44;LC;96670;C;3;ROSA;301;;0
45;LC;38027;E;17;ROSA;301;;0
46;LC;97949;B;17;ROSA;301;;0
47;LC;35682;C;18;ROSA;301;;0
48;LC;97113;A;20;ROSA;301;;0
49;LC;83851;B;22;ROSA;301;;0
50;LC;85805;D;18;ROSA;301;;0
1;LC;30170;E;8;CINZA;309;0;1
2;LC;23559;D;6;CINZA;309;0;1
3;LC;27055;E;7;CINZA;309;0;1
4;LC;39570;C;6;CINZA;309;0;1
5;LC;40290;A;5;CINZA;309;0;1
6;LC;54904;C;6;CINZA;309;1;1
7;LC;55307;C;5;CINZA;309;1;1
8;LC;55970;B;7;CINZA;309;1;1
9;LC;23733;B;8;CINZA;309;1;1
10;LC;22565;E;5;CINZA;309;1;1
11;LC;96818;D;19;CINZA;309;;1
12;LC;39973;E;25;CINZA;309;;1
13;LC;96749;B;16;CINZA;309;;1
14;LC;97467;B;24;CINZA;309;;1
15;LC;27677;B;13;CINZA;309;;1
16;LC;28735;D;1;CINZA;309;;1
17;LC;55655;A;24;CINZA;309;;1
18;LC;86586;B;18;CINZA;309;;1
19;LC;98083;C;9;CINZA;309;;1
20;LC;97244;B;10;CINZA;309;;1
21;LC;98151;B;11;CINZA;309;;1
22;LC;97379;C;30;CINZA;309;;1
23;LC;96670;C;3;CINZA;309;;1
24;LC;38027;E;17;CINZA;309;;1
25;LC;97949;B;17;CINZA;309;;1
26;LC;96667;A;3;CINZA;309;;1
27;LC;82375;D;21;CINZA;309;;1
28;LC;97945;C;16;CINZA;309;;1
29;LC;96509;E;1;CINZA;309;;1
30;LC;98005;B;26;CINZA;309;;1
31;LC;96640;A;1;CINZA;309;;1
32;LC;61388;A;12;CINZA;309;;1
33;LC;61413;E;4;CINZA;309;;1
34;LC;17194;A;16;CINZA;309;;1
35;LC;86338;A;23;CINZA;309;;1
36;LC;40014;E;27;CINZA;309;;1
37;LC;97420;D;16;CINZA;309;;1
38;LC;83000;C;16;CINZA;309;;1
39;LC;50236;B;12;CINZA;309;;1
40;LC;35682;C;18;CINZA;309;;1
41;LC;97113;A;20;CINZA;309;;1
42;LC;83851;B;22;CINZA;309;;1
43;LC;85805;D;18;CINZA;309;;1
44;LC;68217;B;29;CINZA;309;;1
45;LC;45089;A;14;CINZA;309;;1
46;LC;13547;B;25;CINZA;309;;1
47;LC;21776;E;16;CINZA;309;;1
48;LC;67813;A;2;CINZA;309;;1
49;LC;49264;D;28;CINZA;309;;1
50;LC;97334;E;15;CINZA;309;;1
1;MT;42706;C;26;AMARELA;304;;0
2;MT;24747;B;15;AMARELA;304;;0
3;MT;96774;A;25;AMARELA;304;;0
4;MT;53278;A;26;AMARELA;304;;0
5;MT;32686;C;20;AMARELA;304;;0
6;MT;27005;C;29;AMARELA;304;;0
7;MT;85018;E;17;AMARELA;304;;0
8;MT;83234;A;24;AMARELA;304;;0
9;MT;83152;B;30;AMARELA;304;;0
10;MT;10052;D;21;AMARELA;304;;0
11;MT;32969;D;8;AMARELA;304;;0
12;MT;60291;C;28;AMARELA;304;;0
13;MT;45081;D;28;AMARELA;304;;0
14;MT;42955;B;13;AMARELA;304;;0
15;MT;30029;D;27;AMARELA;304;;0
16;MT;53721;D;25;AMARELA;304;;0
17;MT;25723;C;21;AMARELA;304;;0
18;MT;39762;E;2;AMARELA;304;;0
19;MT;95265;A;18;AMARELA;304;;0
20;MT;83608;E;23;AMARELA;304;;0
21;MT;25285;C;5;AMARELA;304;;0
22;MT;40660;A;2;AMARELA;304;;0
23;MT;16644;D;1;AMARELA;304;;0
24;MT;85050;B;9;AMARELA;304;;0
25;MT;83906;E;24;AMARELA;304;;0
26;MT;17264;C;12;AMARELA;304;;0
27;MT;44243;E;7;AMARELA;304;;0
28;MT;48223;B;20;AMARELA;304;;0
29;MT;96833;A;4;AMARELA;304;;0
30;MT;32808;C;8;AMARELA;304;;0
31;MT;29844;B;14;AMARELA;304;;0
32;MT;53219;D;29;AMARELA;304;;0
33;MT;38786;A;3;AMARELA;304;;0
34;MT;42692;B;4;AMARELA;304;;0
35;MT;8476;D;3;AMARELA;304;;0
36;MT;87262;B;22;AMARELA;304;;0
37;MT;39198;E;6;AMARELA;304;;0
38;MT;88786;B;17;AMARELA;304;;0
39;MT;60315;C;19;AMARELA;304;;0
40;MT;11472;D;12;AMARELA;304;;0
41;MT;18364;A;11;AMARELA;304;;0
42;MT;30865;D;10;AMARELA;304;;0
43;MT;32221;C;6;AMARELA;304;;0
44;MT;59795;E;16;AMARELA;304;;0
45;MT;37515;E;27;AMARELA;304;;0
1;MT;32221;C;6;CINZA;306;;0
2;MT;59795;E;16;CINZA;306;;0
3;MT;37515;E;27;CINZA;306;;0
4;MT;60291;C;28;CINZA;306;;0
5;MT;45081;D;28;CINZA;306;;0
6;MT;42955;B;13;CINZA;306;;0
7;MT;11472;D;12;CINZA;306;;0
8;MT;18364;A;11;CINZA;306;;0
9;MT;30865;D;10;CINZA;306;;0
10;MT;39198;E;6;CINZA;306;;0
11;MT;88786;B;17;CINZA;306;;0
12;MT;60315;C;19;CINZA;306;;0
13;MT;17264;C;12;CINZA;306;;0
14;MT;44243;E;7;CINZA;306;;0
15;MT;48223;B;20;CINZA;306;;0
16;MT;96833;A;4;CINZA;306;;0
17;MT;85050;B;9;CINZA;306;;0
18;MT;83906;E;24;CINZA;306;;0
19;MT;25723;C;21;CINZA;306;;0
20;MT;39762;E;2;CINZA;306;;0
21;MT;95265;A;18;CINZA;306;;0
22;MT;32808;C;8;CINZA;306;;0
23;MT;29844;B;14;CINZA;306;;0
24;MT;53219;D;29;CINZA;306;;0
25;MT;38786;A;3;CINZA;306;;0
26;MT;42692;B;4;CINZA;306;;0
27;MT;8476;D;3;CINZA;306;;0
28;MT;87262;B;22;CINZA;306;;0
29;MT;30029;D;27;CINZA;306;;0
30;MT;53721;D;25;CINZA;306;;0
31;MT;83234;A;24;CINZA;306;;0
32;MT;83152;B;30;CINZA;306;;0
33;MT;10052;D;21;CINZA;306;;0
34;MT;32969;D;8;CINZA;306;;0
35;MT;83608;E;23;CINZA;306;;0
36;MT;25285;C;5;CINZA;306;;0
37;MT;40660;A;2;CINZA;306;;0
38;MT;16644;D;1;CINZA;306;;0
39;MT;32686;C;20;CINZA;306;;0
40;MT;27005;C;29;CINZA;306;;0
41;MT;85018;E;17;CINZA;306;;0
42;MT;53278;A;26;CINZA;306;;0
43;MT;42706;C;26;CINZA;306;;0
44;MT;24747;B;15;CINZA;306;;0
45;MT;96774;A;25;CINZA;306;;0
1;MT;11472;D;12;AZUL;303;;0
2;MT;18364;A;11;AZUL;303;;0
3;MT;30865;D;10;AZUL;303;;0
4;MT;32686;C;20;AZUL;303;;0
5;MT;27005;C;29;AZUL;303;;0
6;MT;85018;E;17;AZUL;303;;0
7;MT;32808;C;8;AZUL;303;;0
8;MT;29844;B;14;AZUL;303;;0
9;MT;53219;D;29;AZUL;303;;0
10;MT;83608;E;23;AZUL;303;;0
11;MT;25285;C;5;AZUL;303;;0
12;MT;40660;A;2;AZUL;303;;0
13;MT;16644;D;1;AZUL;303;;0
14;MT;42706;C;26;AZUL;303;;0
15;MT;24747;B;15;AZUL;303;;0
16;MT;96774;A;25;AZUL;303;;0
17;MT;60291;C;28;AZUL;303;;0
18;MT;45081;D;28;AZUL;303;;0
19;MT;42955;B;13;AZUL;303;;0
20;MT;32221;C;6;AZUL;303;;0
21;MT;59795;E;16;AZUL;303;;0
22;MT;37515;E;27;AZUL;303;;0
23;MT;83234;A;24;AZUL;303;;0
24;MT;83152;B;30;AZUL;303;;0
25;MT;10052;D;21;AZUL;303;;0
26;MT;32969;D;8;AZUL;303;;0
27;MT;53278;A;26;AZUL;303;;0
28;MT;38786;A;3;AZUL;303;;0
29;MT;42692;B;4;AZUL;303;;0
30;MT;8476;D;3;AZUL;303;;0
31;MT;87262;B;22;AZUL;303;;0
32;MT;25723;C;21;AZUL;303;;0
33;MT;39762;E;2;AZUL;303;;0
34;MT;95265;A;18;AZUL;303;;0
35;MT;30029;D;27;AZUL;303;;0
36;MT;53721;D;25;AZUL;303;;0
37;MT;85050;B;9;AZUL;303;;0
38;MT;83906;E;24;AZUL;303;;0
39;MT;17264;C;12;AZUL;303;;0
40;MT;44243;E;7;AZUL;303;;0
41;MT;48223;B;20;AZUL;303;;0
42;MT;96833;A;4;AZUL;303;;0
43;MT;39198;E;6;AZUL;303;;0
44;MT;88786;B;17;AZUL;303;;0
45;MT;60315;C;19;AZUL;303;;0
1;MT;32686;C;20;ROSA;305;;0
2;MT;27005;C;29;ROSA;305;;0
3;MT;85018;E;17;ROSA;305;;0
4;MT;39198;E;6;ROSA;305;;0
5;MT;88786;B;17;ROSA;305;;0
6;MT;60315;C;19;ROSA;305;;0
7;MT;17264;C;12;ROSA;305;;0
8;MT;44243;E;7;ROSA;305;;0
9;MT;48223;B;20;ROSA;305;;0
10;MT;96833;A;4;ROSA;305;;0
11;MT;83234;A;24;ROSA;305;;0
12;MT;83152;B;30;ROSA;305;;0
13;MT;10052;D;21;ROSA;305;;0
14;MT;32969;D;8;ROSA;305;;0
15;MT;83608;E;23;ROSA;305;;0
16;MT;25285;C;5;ROSA;305;;0
17;MT;40660;A;2;ROSA;305;;0
18;MT;16644;D;1;ROSA;305;;0
19;MT;32221;C;6;ROSA;305;;0
20;MT;59795;E;16;ROSA;305;;0
21;MT;37515;E;27;ROSA;305;;0
22;MT;60291;C;28;ROSA;305;;0
23;MT;45081;D;28;ROSA;305;;0
24;MT;42955;B;13;ROSA;305;;0
25;MT;32808;C;8;ROSA;305;;0
26;MT;29844;B;14;ROSA;305;;0
27;MT;53219;D;29;ROSA;305;;0
28;MT;85050;B;9;ROSA;305;;0
29;MT;83906;E;24;ROSA;305;;0
30;MT;42706;C;26;ROSA;305;;0
31;MT;24747;B;15;ROSA;305;;0
32;MT;96774;A;25;ROSA;305;;0
33;MT;30029;D;27;ROSA;305;;0
34;MT;53721;D;25;ROSA;305;;0
35;MT;53278;A;26;ROSA;305;;0
36;MT;25723;C;21;ROSA;305;;0
37;MT;39762;E;2;ROSA;305;;0
38;MT;95265;A;18;ROSA;305;;0
39;MT;38786;A;3;ROSA;305;;0
40;MT;42692;B;4;ROSA;305;;0
41;MT;8476;D;3;ROSA;305;;0
42;MT;87262;B;22;ROSA;305;;0
43;MT;11472;D;12;ROSA;305;;0
44;MT;18364;A;11;ROSA;305;;0
45;MT;30865;D;10;ROSA;305;;0
1;MT;23575;C;3;CINZA;310;;1
2;MT;59795;E;16;CINZA;310;;1
3;MT;37515;E;27;CINZA;310;;1
4;MT;33047;C;11;CINZA;310;;1
5;MT;45081;D;28;CINZA;310;;1
6;MT;42955;B;13;CINZA;310;;1
7;MT;11472;D;12;CINZA;310;;1
8;MT;18364;A;11;CINZA;310;;1
9;MT;30865;D;10;CINZA;310;;1
10;MT;59545;E;28;CINZA;310;;1
11;MT;88786;B;17;CINZA;310;;1
12;MT;60315;C;19;CINZA;310;;1
13;MT;17264;C;12;CINZA;310;;1
14;MT;44243;E;7;CINZA;310;;1
15;MT;48223;B;20;CINZA;310;;1
16;MT;96833;A;4;CINZA;310;;1
17;MT;85050;B;9;CINZA;310;;1
18;MT;83906;E;24;CINZA;310;;1
19;MT;25723;C;21;CINZA;310;;1
20;MT;39762;E;2;CINZA;310;;1
21;MT;95265;A;18;CINZA;310;;1
22;MT;32808;C;8;CINZA;310;;1
23;MT;29844;B;14;CINZA;310;;1
24;MT;53219;D;29;CINZA;310;;1
25;MT;38786;A;3;CINZA;310;;1
26;MT;42692;B;4;CINZA;310;;1
27;MT;8476;D;3;CINZA;310;;1
28;MT;87262;B;22;CINZA;310;;1
29;MT;30029;D;27;CINZA;310;;1
30;MT;53721;D;25;CINZA;310;;1
31;MT;83234;A;24;CINZA;310;;1
32;MT;83152;B;30;CINZA;310;;1
33;MT;10052;D;21;CINZA;310;;1
34;MT;32969;D;8;CINZA;310;;1
35;MT;83608;E;23;CINZA;310;;1
36;MT;25285;C;5;CINZA;310;;1
37;MT;40660;A;2;CINZA;310;;1
38;MT;16644;D;1;CINZA;310;;1
39;MT;32686;C;20;CINZA;310;;1
40;MT;27005;C;29;CINZA;310;;1
41;MT;85018;E;17;CINZA;310;;1
42;MT;53278;A;26;CINZA;310;;1
43;MT;42706;C;26;CINZA;310;;1
44;MT;24747;B;15;CINZA;310;;1
45;MT;96774;A;25;CINZA;310;;1
1;CH;48333;D;8;AZUL;336;;0
2;CH;7593;E;13;AZUL;336;;0
3;CH;25659;B;19;AZUL;336;;0
4;CH;66857;E;1;AZUL;336;;0
5;CH;23078;E;4;AZUL;336;;0
6;CH;35663;D;17;AZUL;336;;0
7;CH;26554;D;29;AZUL;336;;0
8;CH;29964;E;6;AZUL;336;;0
9;CH;64129;B;5;AZUL;336;;0
10;CH;25144;B;24;AZUL;336;;0
11;CH;8697;B;12;AZUL;336;;0
12;CH;63940;B;5;AZUL;336;;0
13;CH;52841;A;27;AZUL;336;;0
14;CH;37869;B;25;AZUL;336;;0
15;CH;30260;A;15;AZUL;336;;0
16;CH;63671;D;22;AZUL;336;;0
17;CH;49493;E;22;AZUL;336;;0
18;CH;47937;D;3;AZUL;336;;0
19;CH;63689;C;7;AZUL;336;;0
20;CH;34536;B;6;AZUL;336;;0
21;CH;39273;E;20;AZUL;336;;0
22;CH;9357;C;1;AZUL;336;;0
23;CH;40684;A;28;AZUL;336;;0
24;CH;60687;B;15;AZUL;336;;0
25;CH;41694;D;2;AZUL;336;;0
26;CH;31131;D;9;AZUL;336;;0
27;CH;60452;E;16;AZUL;336;;0
28;CH;68280;E;8;AZUL;336;;0
29;CH;30973;E;30;AZUL;336;;0
30;CH;49082;A;23;AZUL;336;;0
31;CH;25415;A;14;AZUL;336;;0
32;CH;27543;B;10;AZUL;336;;0
33;CH;40015;B;11;AZUL;336;;0
34;CH;38137;C;3;AZUL;336;;0
35;CH;26637;C;18;AZUL;336;;0
36;CH;54721;B;24;AZUL;336;;0
37;CH;63636;C;7;AZUL;336;;0
38;CH;13714;A;23;AZUL;336;;0
39;CH;47522;B;5;AZUL;336;;0
40;CH;49003;D;26;AZUL;336;;0
41;CH;7963;D;21;AZUL;336;;0
42;CH;64128;A;11;AZUL;336;;0
43;CH;47826;E;23;AZUL;336;;0
44;CH;63684;E;3;AZUL;336;;0
45;CH;24552;C;18;AZUL;336;;0
1;CH;7593;E;13;AMARELA;337;;0
2;CH;25659;B;19;AMARELA;337;;0
3;CH;66857;E;1;AMARELA;337;;0
4;CH;30260;A;15;AMARELA;337;;0
5;CH;63671;D;22;AMARELA;337;;0
6;CH;34536;B;6;AMARELA;337;;0
7;CH;49493;E;22;AMARELA;337;;0
8;CH;47937;D;3;AMARELA;337;;0
9;CH;63689;C;7;AMARELA;337;;0
10;CH;40684;A;28;AMARELA;337;;0
11;CH;60687;B;15;AMARELA;337;;0
12;CH;41694;D;2;AMARELA;337;;0
13;CH;31131;D;9;AMARELA;337;;0
14;CH;29964;E;6;AMARELA;337;;0
15;CH;64129;B;5;AMARELA;337;;0
16;CH;25144;B;24;AMARELA;337;;0
17;CH;8697;B;12;AMARELA;337;;0
18;CH;63940;B;5;AMARELA;337;;0
19;CH;52841;A;27;AMARELA;337;;0
20;CH;37869;B;25;AMARELA;337;;0
21;CH;23078;E;4;AMARELA;337;;0
22;CH;35663;D;17;AMARELA;337;;0
23;CH;26554;D;29;AMARELA;337;;0
24;CH;48333;D;8;AMARELA;337;;0
25;CH;39273;E;20;AMARELA;337;;0
26;CH;9357;C;1;AMARELA;337;;0
27;CH;47826;E;23;AMARELA;337;;0
28;CH;63684;E;3;AMARELA;337;;0
29;CH;24552;C;18;AMARELA;337;;0
30;CH;26637;C;18;AMARELA;337;;0
31;CH;54721;B;24;AMARELA;337;;0
32;CH;63636;C;7;AMARELA;337;;0
33;CH;13714;A;23;AMARELA;337;;0
34;CH;27543;B;10;AMARELA;337;;0
35;CH;40015;B;11;AMARELA;337;;0
36;CH;38137;C;3;AMARELA;337;;0
37;CH;30973;E;30;AMARELA;337;;0
38;CH;49082;A;23;AMARELA;337;;0
39;CH;25415;A;14;AMARELA;337;;0
40;CH;60452;E;16;AMARELA;337;;0
41;CH;68280;E;8;AMARELA;337;;0
42;CH;47522;B;5;AMARELA;337;;0
43;CH;49003;D;26;AMARELA;337;;0
44;CH;7963;D;21;AMARELA;337;;0
45;CH;64128;A;11;AMARELA;337;;0
1;CH;47826;E;23;BRANCA;338;;0
2;CH;63684;E;3;BRANCA;338;;0
3;CH;24552;C;18;BRANCA;338;;0
4;CH;47522;B;5;BRANCA;338;;0
5;CH;49003;D;26;BRANCA;338;;0
6;CH;7963;D;21;BRANCA;338;;0
7;CH;64128;A;11;BRANCA;338;;0
8;CH;26637;C;18;BRANCA;338;;0
9;CH;54721;B;24;BRANCA;338;;0
10;CH;63636;C;7;BRANCA;338;;0
11;CH;13714;A;23;BRANCA;338;;0
12;CH;27543;B;10;BRANCA;338;;0
13;CH;40015;B;11;BRANCA;338;;0
14;CH;38137;C;3;BRANCA;338;;0
15;CH;30973;E;30;BRANCA;338;;0
16;CH;49082;A;23;BRANCA;338;;0
17;CH;25415;A;14;BRANCA;338;;0
18;CH;30260;A;15;BRANCA;338;;0
19;CH;63671;D;22;BRANCA;338;;0
20;CH;60452;E;16;BRANCA;338;;0
21;CH;68280;E;8;BRANCA;338;;0
22;CH;49493;E;22;BRANCA;338;;0
23;CH;47937;D;3;BRANCA;338;;0
24;CH;63689;C;7;BRANCA;338;;0
25;CH;40684;A;28;BRANCA;338;;0
26;CH;60687;B;15;BRANCA;338;;0
27;CH;41694;D;2;BRANCA;338;;0
28;CH;31131;D;9;BRANCA;338;;0
29;CH;39273;E;20;BRANCA;338;;0
30;CH;9357;C;1;BRANCA;338;;0
31;CH;34536;B;6;BRANCA;338;;0
32;CH;63940;B;5;BRANCA;338;;0
33;CH;52841;A;27;BRANCA;338;;0
34;CH;37869;B;25;BRANCA;338;;0
35;CH;29964;E;6;BRANCA;338;;0
36;CH;64129;B;5;BRANCA;338;;0
37;CH;25144;B;24;BRANCA;338;;0
38;CH;8697;B;12;BRANCA;338;;0
39;CH;23078;E;4;BRANCA;338;;0
40;CH;35663;D;17;BRANCA;338;;0
41;CH;26554;D;29;BRANCA;338;;0
42;CH;7593;E;13;BRANCA;338;;0
43;CH;25659;B;19;BRANCA;338;;0
44;CH;66857;E;1;BRANCA;338;;0
45;CH;48333;D;8;BRANCA;338;;0
1;CH;40684;A;28;ROSA;339;;0
2;CH;60687;B;15;ROSA;339;;0
3;CH;41694;D;2;ROSA;339;;0
4;CH;31131;D;9;ROSA;339;;0
5;CH;29964;E;6;ROSA;339;;0
6;CH;64129;B;5;ROSA;339;;0
7;CH;25144;B;24;ROSA;339;;0
8;CH;8697;B;12;ROSA;339;;0
9;CH;23078;E;4;ROSA;339;;0
10;CH;35663;D;17;ROSA;339;;0
11;CH;26554;D;29;ROSA;339;;0
12;CH;49493;E;22;ROSA;339;;0
13;CH;47937;D;3;ROSA;339;;0
14;CH;63689;C;7;ROSA;339;;0
15;CH;48333;D;8;ROSA;339;;0
16;CH;27543;B;10;ROSA;339;;0
17;CH;40015;B;11;ROSA;339;;0
18;CH;38137;C;3;ROSA;339;;0
19;CH;26637;C;18;ROSA;339;;0
20;CH;54721;B;24;ROSA;339;;0
21;CH;63636;C;7;ROSA;339;;0
22;CH;13714;A;23;ROSA;339;;0
23;CH;30973;E;30;ROSA;339;;0
24;CH;49082;A;23;ROSA;339;;0
25;CH;25415;A;14;ROSA;339;;0
26;CH;60452;E;16;ROSA;339;;0
27;CH;68280;E;8;ROSA;339;;0
28;CH;63940;B;5;ROSA;339;;0
29;CH;52841;A;27;ROSA;339;;0
30;CH;37869;B;25;ROSA;339;;0
31;CH;7593;E;13;ROSA;339;;0
32;CH;25659;B;19;ROSA;339;;0
33;CH;66857;E;1;ROSA;339;;0
34;CH;39273;E;20;ROSA;339;;0
35;CH;9357;C;1;ROSA;339;;0
36;CH;47522;B;5;ROSA;339;;0
37;CH;49003;D;26;ROSA;339;;0
38;CH;7963;D;21;ROSA;339;;0
39;CH;64128;A;11;ROSA;339;;0
40;CH;30260;A;15;ROSA;339;;0
41;CH;63671;D;22;ROSA;339;;0
42;CH;47826;E;23;ROSA;339;;0
43;CH;63684;E;3;ROSA;339;;0
44;CH;24552;C;18;ROSA;339;;0
45;CH;34536;B;6;ROSA;339;;0
1;CH;48333;D;8;AZUL;356;;0
2;CH;7593;E;13;AZUL;356;;0
3;CH;25659;B;19;AZUL;356;;0
4;CH;66857;E;1;AZUL;356;;0
5;CH;23078;E;4;AZUL;356;;0
6;CH;35663;D;17;AZUL;356;;0
7;CH;26554;D;29;AZUL;356;;0
8;CH;29964;E;6;AZUL;356;;0
9;CH;64129;B;5;AZUL;356;;0
10;CH;25144;B;24;AZUL;356;;0
11;CH;8697;B;12;AZUL;356;;0
12;CH;63940;B;5;AZUL;356;;0
13;CH;52841;A;27;AZUL;356;;0
14;CH;37869;B;25;AZUL;356;;0
15;CH;30260;A;15;AZUL;356;;0
16;CH;63671;D;22;AZUL;356;;0
17;CH;49493;E;22;AZUL;356;;0
18;CH;47937;D;3;AZUL;356;;0
19;CH;63689;C;7;AZUL;356;;0
20;CH;34536;B;6;AZUL;356;;0
21;CH;39273;E;20;AZUL;356;;0
22;CH;9357;C;1;AZUL;356;;0
23;CH;40684;A;28;AZUL;356;;0
24;CH;60687;B;15;AZUL;356;;0
25;CH;41694;D;2;AZUL;356;;0
26;CH;31131;D;9;AZUL;356;;0
27;CH;60452;E;16;AZUL;356;;0
28;CH;68280;E;8;AZUL;356;;0
29;CH;30973;E;30;AZUL;356;;0
30;CH;49082;A;23;AZUL;356;;0
31;CH;25415;A;14;AZUL;356;;0
32;CH;27543;B;10;AZUL;356;;0
33;CH;40015;B;11;AZUL;356;;0
34;CH;38137;C;3;AZUL;356;;0
35;CH;26637;C;18;AZUL;356;;0
36;CH;54721;B;24;AZUL;356;;0
37;CH;63636;C;7;AZUL;356;;0
38;CH;13714;A;23;AZUL;356;;0
39;CH;47522;B;5;AZUL;356;;0
40;CH;49003;D;26;AZUL;356;;0
41;CH;7963;D;21;AZUL;356;;0
42;CH;64128;A;11;AZUL;356;;0
43;CH;47826;E;23;AZUL;356;;0
44;CH;63684;E;3;AZUL;356;;0
45;CH;24552;C;18;AZUL;356;;0
1;CH;7593;E;13;AMARELA;357;;0
2;CH;25659;B;19;AMARELA;357;;0
3;CH;66857;E;1;AMARELA;357;;0
4;CH;30260;A;15;AMARELA;357;;0
5;CH;63671;D;22;AMARELA;357;;0
6;CH;34536;B;6;AMARELA;357;;0
7;CH;49493;E;22;AMARELA;357;;0
8;CH;47937;D;3;AMARELA;357;;0
9;CH;63689;C;7;AMARELA;357;;0
10;CH;40684;A;28;AMARELA;357;;0
11;CH;60687;B;15;AMARELA;357;;0
12;CH;41694;D;2;AMARELA;357;;0
13;CH;31131;D;9;AMARELA;357;;0
14;CH;29964;E;6;AMARELA;357;;0
15;CH;64129;B;5;AMARELA;357;;0
16;CH;25144;B;24;AMARELA;357;;0
17;CH;8697;B;12;AMARELA;357;;0
18;CH;63940;B;5;AMARELA;357;;0
19;CH;52841;A;27;AMARELA;357;;0
20;CH;37869;B;25;AMARELA;357;;0
21;CH;23078;E;4;AMARELA;357;;0
22;CH;35663;D;17;AMARELA;357;;0
23;CH;26554;D;29;AMARELA;357;;0
24;CH;48333;D;8;AMARELA;357;;0
25;CH;39273;E;20;AMARELA;357;;0
26;CH;9357;C;1;AMARELA;357;;0
27;CH;47826;E;23;AMARELA;357;;0
28;CH;63684;E;3;AMARELA;357;;0
29;CH;24552;C;18;AMARELA;357;;0
30;CH;26637;C;18;AMARELA;357;;0
31;CH;54721;B;24;AMARELA;357;;0
32;CH;63636;C;7;AMARELA;357;;0
33;CH;13714;A;23;AMARELA;357;;0
34;CH;27543;B;10;AMARELA;357;;0
35;CH;40015;B;11;AMARELA;357;;0
36;CH;38137;C;3;AMARELA;357;;0
37;CH;30973;E;30;AMARELA;357;;0
38;CH;49082;A;23;AMARELA;357;;0
39;CH;25415;A;14;AMARELA;357;;0
40;CH;60452;E;16;AMARELA;357;;0
41;CH;68280;E;8;AMARELA;357;;0
42;CH;47522;B;5;AMARELA;357;;0
43;CH;49003;D;26;AMARELA;357;;0
44;CH;7963;D;21;AMARELA;357;;0
45;CH;64128;A;11;AMARELA;357;;0
1;CH;47826;E;23;BRANCA;358;;0
2;CH;63684;E;3;BRANCA;358;;0
3;CH;24552;C;18;BRANCA;358;;0
4;CH;47522;B;5;BRANCA;358;;0
5;CH;49003;D;26;BRANCA;358;;0
6;CH;7963;D;21;BRANCA;358;;0
7;CH;64128;A;11;BRANCA;358;;0
8;CH;26637;C;18;BRANCA;358;;0
9;CH;54721;B;24;BRANCA;358;;0
10;CH;63636;C;7;BRANCA;358;;0
11;CH;13714;A;23;BRANCA;358;;0
12;CH;27543;B;10;BRANCA;358;;0
13;CH;40015;B;11;BRANCA;358;;0
14;CH;38137;C;3;BRANCA;358;;0
15;CH;30973;E;30;BRANCA;358;;0
16;CH;49082;A;23;BRANCA;358;;0
17;CH;25415;A;14;BRANCA;358;;0
18;CH;30260;A;15;BRANCA;358;;0
19;CH;63671;D;22;BRANCA;358;;0
20;CH;60452;E;16;BRANCA;358;;0
21;CH;68280;E;8;BRANCA;358;;0
22;CH;49493;E;22;BRANCA;358;;0
23;CH;47937;D;3;BRANCA;358;;0
24;CH;63689;C;7;BRANCA;358;;0
25;CH;40684;A;28;BRANCA;358;;0
26;CH;60687;B;15;BRANCA;358;;0
27;CH;41694;D;2;BRANCA;358;;0
28;CH;31131;D;9;BRANCA;358;;0
29;CH;39273;E;20;BRANCA;358;;0
30;CH;9357;C;1;BRANCA;358;;0
31;CH;34536;B;6;BRANCA;358;;0
32;CH;63940;B;5;BRANCA;358;;0
33;CH;52841;A;27;BRANCA;358;;0
34;CH;37869;B;25;BRANCA;358;;0
35;CH;29964;E;6;BRANCA;358;;0
36;CH;64129;B;5;BRANCA;358;;0
37;CH;25144;B;24;BRANCA;358;;0
38;CH;8697;B;12;BRANCA;358;;0
39;CH;23078;E;4;BRANCA;358;;0
40;CH;35663;D;17;BRANCA;358;;0
41;CH;26554;D;29;BRANCA;358;;0
42;CH;7593;E;13;BRANCA;358;;0
43;CH;25659;B;19;BRANCA;358;;0
44;CH;66857;E;1;BRANCA;358;;0
45;CH;48333;D;8;BRANCA;358;;0
1;CH;40684;A;28;ROSA;359;;0
2;CH;60687;B;15;ROSA;359;;0
3;CH;41694;D;2;ROSA;359;;0
4;CH;31131;D;9;ROSA;359;;0
5;CH;29964;E;6;ROSA;359;;0
6;CH;64129;B;5;ROSA;359;;0
7;CH;25144;B;24;ROSA;359;;0
8;CH;8697;B;12;ROSA;359;;0
9;CH;23078;E;4;ROSA;359;;0
10;CH;35663;D;17;ROSA;359;;0
11;CH;26554;D;29;ROSA;359;;0
12;CH;49493;E;22;ROSA;359;;0
13;CH;47937;D;3;ROSA;359;;0
14;CH;63689;C;7;ROSA;359;;0
15;CH;48333;D;8;ROSA;359;;0
16;CH;27543;B;10;ROSA;359;;0
17;CH;40015;B;11;ROSA;359;;0
18;CH;38137;C;3;ROSA;359;;0
19;CH;26637;C;18;ROSA;359;;0
20;CH;54721;B;24;ROSA;359;;0
21;CH;63636;C;7;ROSA;359;;0
22;CH;13714;A;23;ROSA;359;;0
23;CH;30973;E;30;ROSA;359;;0
24;CH;49082;A;23;ROSA;359;;0
25;CH;25415;A;14;ROSA;359;;0
26;CH;60452;E;16;ROSA;359;;0
27;CH;68280;E;8;ROSA;359;;0
28;CH;63940;B;5;ROSA;359;;0
29;CH;52841;A;27;ROSA;359;;0
30;CH;37869;B;25;ROSA;359;;0
31;CH;7593;E;13;ROSA;359;;0
32;CH;25659;B;19;ROSA;359;;0
33;CH;66857;E;1;ROSA;359;;0
34;CH;39273;E;20;ROSA;359;;0
35;CH;9357;C;1;ROSA;359;;0
36;CH;47522;B;5;ROSA;359;;0
37;CH;49003;D;26;ROSA;359;;0
38;CH;7963;D;21;ROSA;359;;0
39;CH;64128;A;11;ROSA;359;;0
40;CH;30260;A;15;ROSA;359;;0
41;CH;63671;D;22;ROSA;359;;0
42;CH;47826;E;23;ROSA;359;;0
43;CH;63684;E;3;ROSA;359;;0
44;CH;24552;C;18;ROSA;359;;0
45;CH;34536;B;6;ROSA;359;;0
1;CH;47826;E;23;BRANCA;360;;1
2;CH;63684;E;3;BRANCA;360;;1
3;CH;24552;C;18;BRANCA;360;;1
4;CH;47522;B;5;BRANCA;360;;1
5;CH;49003;D;26;BRANCA;360;;1
6;CH;7963;D;21;BRANCA;360;;1
7;CH;64128;A;11;BRANCA;360;;1
8;CH;26637;C;18;BRANCA;360;;1
9;CH;54721;B;24;BRANCA;360;;1
10;CH;63636;C;7;BRANCA;360;;1
11;CH;13714;A;23;BRANCA;360;;1
12;CH;27543;B;10;BRANCA;360;;1
13;CH;40015;B;11;BRANCA;360;;1
14;CH;38137;C;3;BRANCA;360;;1
15;CH;30973;E;30;BRANCA;360;;1
16;CH;49082;A;23;BRANCA;360;;1
17;CH;25415;A;14;BRANCA;360;;1
18;CH;30260;A;15;BRANCA;360;;1
19;CH;63671;D;22;BRANCA;360;;1
20;CH;60452;E;16;BRANCA;360;;1
21;CH;68280;E;8;BRANCA;360;;1
22;CH;49493;E;22;BRANCA;360;;1
23;CH;47937;D;3;BRANCA;360;;1
24;CH;63689;C;7;BRANCA;360;;1
25;CH;40684;A;28;BRANCA;360;;1
26;CH;60687;B;15;BRANCA;360;;1
27;CH;41694;D;2;BRANCA;360;;1
28;CH;31131;D;9;BRANCA;360;;1
29;CH;39273;E;20;BRANCA;360;;1
30;CH;9357;C;1;BRANCA;360;;1
31;CH;23885;B;20;BRANCA;360;;1
32;CH;63940;B;5;BRANCA;360;;1
33;CH;52841;A;27;BRANCA;360;;1
34;CH;37869;B;25;BRANCA;360;;1
35;CH;18774;E;1;BRANCA;360;;1
36;CH;64129;B;5;BRANCA;360;;1
37;CH;25144;B;24;BRANCA;360;;1
38;CH;8697;B;12;BRANCA;360;;1
39;CH;23078;E;4;BRANCA;360;;1
40;CH;35663;D;17;BRANCA;360;;1
41;CH;26554;D;29;BRANCA;360;;1
42;CH;7593;E;13;BRANCA;360;;1
43;CH;25659;B;19;BRANCA;360;;1
44;CH;66857;E;1;BRANCA;360;;1
45;CH;48333;D;8;BRANCA;360;;1
1;CN;26502;A;19;AZUL;331;;0
2;CN;10502;A;30;AZUL;331;;0
3;CN;6584;D;6;AZUL;331;;0
4;CN;25724;C;26;AZUL;331;;0
5;CN;12931;A;14;AZUL;331;;0
6;CN;30589;C;6;AZUL;331;;0
7;CN;17720;C;15;AZUL;331;;0
8;CN;26767;E;23;AZUL;331;;0
9;CN;54081;C;12;AZUL;331;;0
10;CN;17836;A;14;AZUL;331;;0
11;CN;31086;C;25;AZUL;331;;0
12;CN;24519;D;5;AZUL;331;;0
13;CN;44252;E;2;AZUL;331;;0
14;CN;31431;D;18;AZUL;331;;0
15;CN;29265;X;17;AZUL;331;;0
16;CN;32452;C;2;AZUL;331;;0
17;CN;40504;C;4;AZUL;331;;0
18;CN;47412;D;10;AZUL;331;;0
19;CN;41814;C;17;AZUL;331;;0
20;CN;25730;C;25;AZUL;331;;0
21;CN;48319;A;24;AZUL;331;;0
22;CN;27588;A;22;AZUL;331;;0
23;CN;13958;C;14;AZUL;331;;0
24;CN;39096;B;21;AZUL;331;;0
25;CN;41357;C;28;AZUL;331;;0
26;CN;39407;B;27;AZUL;331;;0
27;CN;20029;D;3;AZUL;331;;0
28;CN;7507;E;20;AZUL;331;;0
29;CN;11529;B;16;AZUL;331;;0
30;CN;16176;E;8;AZUL;331;;0
31;CN;29358;B;7;AZUL;331;;0
32;CN;25309;A;29;AZUL;331;;0
33;CN;16906;C;7;AZUL;331;;0
34;CN;12203;C;13;AZUL;331;;0
35;CN;38532;A;27;AZUL;331;;0
36;CN;24617;E;1;AZUL;331;;0
37;CN;60336;B;10;AZUL;331;;0
38;CN;6781;D;20;AZUL;331;;0
39;CN;40730;E;11;AZUL;331;;0
40;CN;32875;B;8;AZUL;331;;0
41;CN;13099;B;3;AZUL;331;;0
42;CN;39747;E;26;AZUL;331;;0
43;CN;26405;D;9;AZUL;331;;0
44;CN;11750;A;5;AZUL;331;;0
45;CN;30477;B;18;AZUL;331;;0
1;CN;25724;C;26;AMARELA;332;;0
2;CN;12931;A;14;AMARELA;332;;0
3;CN;30589;C;6;AMARELA;332;;0
4;CN;17720;C;15;AMARELA;332;;0
5;CN;27588;A;22;AMARELA;332;;0
6;CN;13958;C;14;AMARELA;332;;0
7;CN;29265;X;17;AMARELA;332;;0
8;CN;7507;E;20;AMARELA;332;;0
9;CN;11529;B;16;AMARELA;332;;0
10;CN;16176;E;8;AMARELA;332;;0
11;CN;17836;A;14;AMARELA;332;;0
12;CN;31086;C;25;AMARELA;332;;0
13;CN;24519;D;5;AMARELA;332;;0
14;CN;44252;E;2;AMARELA;332;;0
15;CN;31431;D;18;AMARELA;332;;0
16;CN;39096;B;21;AMARELA;332;;0
17;CN;41357;C;28;AMARELA;332;;0
18;CN;39407;B;27;AMARELA;332;;0
19;CN;20029;D;3;AMARELA;332;;0
20;CN;26767;E;23;AMARELA;332;;0
21;CN;54081;C;12;AMARELA;332;;0
22;CN;26502;A;19;AMARELA;332;;0
23;CN;10502;A;30;AMARELA;332;;0
24;CN;6584;D;6;AMARELA;332;;0
25;CN;41814;C;17;AMARELA;332;;0
26;CN;25730;C;25;AMARELA;332;;0
27;CN;48319;A;24;AMARELA;332;;0
28;CN;39747;E;26;AMARELA;332;;0
29;CN;26405;D;9;AMARELA;332;;0
30;CN;11750;A;5;AMARELA;332;;0
31;CN;30477;B;18;AMARELA;332;;0
32;CN;12203;C;13;AMARELA;332;;0
33;CN;38532;A;27;AMARELA;332;;0
34;CN;24617;E;1;AMARELA;332;;0
35;CN;60336;B;10;AMARELA;332;;0
36;CN;29358;B;7;AMARELA;332;;0
37;CN;25309;A;29;AMARELA;332;;0
38;CN;16906;C;7;AMARELA;332;;0
39;CN;32452;C;2;AMARELA;332;;0
40;CN;40504;C;4;AMARELA;332;;0
41;CN;47412;D;10;AMARELA;332;;0
42;CN;6781;D;20;AMARELA;332;;0
43;CN;40730;E;11;AMARELA;332;;0
44;CN;32875;B;8;AMARELA;332;;0
45;CN;13099;B;3;AMARELA;332;;0
1;CN;39747;E;26;BRANCA;333;;0
2;CN;26405;D;9;BRANCA;333;;0
3;CN;11750;A;5;BRANCA;333;;0
4;CN;30477;B;18;BRANCA;333;;0
5;CN;6781;D;20;BRANCA;333;;0
6;CN;40730;E;11;BRANCA;333;;0
7;CN;32875;B;8;BRANCA;333;;0
8;CN;13099;B;3;BRANCA;333;;0
9;CN;12203;C;13;BRANCA;333;;0
10;CN;38532;A;27;BRANCA;333;;0
11;CN;24617;E;1;BRANCA;333;;0
12;CN;60336;B;10;BRANCA;333;;0
13;CN;29265;X;17;BRANCA;333;;0
14;CN;29358;B;7;BRANCA;333;;0
15;CN;25309;A;29;BRANCA;333;;0
16;CN;16906;C;7;BRANCA;333;;0
17;CN;7507;E;20;BRANCA;333;;0
18;CN;11529;B;16;BRANCA;333;;0
19;CN;16176;E;8;BRANCA;333;;0
20;CN;27588;A;22;BRANCA;333;;0
21;CN;13958;C;14;BRANCA;333;;0
22;CN;41814;C;17;BRANCA;333;;0
23;CN;25730;C;25;BRANCA;333;;0
24;CN;48319;A;24;BRANCA;333;;0
25;CN;32452;C;2;BRANCA;333;;0
26;CN;40504;C;4;BRANCA;333;;0
27;CN;47412;D;10;BRANCA;333;;0
28;CN;39096;B;21;BRANCA;333;;0
29;CN;41357;C;28;BRANCA;333;;0
30;CN;39407;B;27;BRANCA;333;;0
31;CN;20029;D;3;BRANCA;333;;0
32;CN;17836;A;14;BRANCA;333;;0
33;CN;31086;C;25;BRANCA;333;;0
34;CN;24519;D;5;BRANCA;333;;0
35;CN;44252;E;2;BRANCA;333;;0
36;CN;31431;D;18;BRANCA;333;;0
37;CN;26767;E;23;BRANCA;333;;0
38;CN;54081;C;12;BRANCA;333;;0
39;CN;25724;C;26;BRANCA;333;;0
40;CN;12931;A;14;BRANCA;333;;0
41;CN;30589;C;6;BRANCA;333;;0
42;CN;17720;C;15;BRANCA;333;;0
43;CN;26502;A;19;BRANCA;333;;0
44;CN;10502;A;30;BRANCA;333;;0
45;CN;6584;D;6;BRANCA;333;;0
1;CN;32452;C;2;ROSA;334;;0
2;CN;40504;C;4;ROSA;334;;0
3;CN;47412;D;10;ROSA;334;;0
4;CN;39747;E;26;ROSA;334;;0
5;CN;26405;D;9;ROSA;334;;0
6;CN;11750;A;5;ROSA;334;;0
7;CN;30477;B;18;ROSA;334;;0
8;CN;39096;B;21;ROSA;334;;0
9;CN;41357;C;28;ROSA;334;;0
10;CN;39407;B;27;ROSA;334;;0
11;CN;20029;D;3;ROSA;334;;0
12;CN;17836;A;14;ROSA;334;;0
13;CN;31086;C;25;ROSA;334;;0
14;CN;24519;D;5;ROSA;334;;0
15;CN;44252;E;2;ROSA;334;;0
16;CN;31431;D;18;ROSA;334;;0
17;CN;29358;B;7;ROSA;334;;0
18;CN;25309;A;29;ROSA;334;;0
19;CN;16906;C;7;ROSA;334;;0
20;CN;12203;C;13;ROSA;334;;0
21;CN;38532;A;27;ROSA;334;;0
22;CN;24617;E;1;ROSA;334;;0
23;CN;60336;B;10;ROSA;334;;0
24;CN;25724;C;26;ROSA;334;;0
25;CN;12931;A;14;ROSA;334;;0
26;CN;30589;C;6;ROSA;334;;0
27;CN;17720;C;15;ROSA;334;;0
28;CN;41814;C;17;ROSA;334;;0
29;CN;25730;C;25;ROSA;334;;0
30;CN;48319;A;24;ROSA;334;;0
31;CN;6781;D;20;ROSA;334;;0
32;CN;40730;E;11;ROSA;334;;0
33;CN;32875;B;8;ROSA;334;;0
34;CN;13099;B;3;ROSA;334;;0
35;CN;7507;E;20;ROSA;334;;0
36;CN;11529;B;16;ROSA;334;;0
37;CN;16176;E;8;ROSA;334;;0
38;CN;26502;A;19;ROSA;334;;0
39;CN;10502;A;30;ROSA;334;;0
40;CN;6584;D;6;ROSA;334;;0
41;CN;26767;E;23;ROSA;334;;0
42;CN;54081;C;12;ROSA;334;;0
43;CN;29265;X;17;ROSA;334;;0
44;CN;27588;A;22;ROSA;334;;0
45;CN;13958;C;14;ROSA;334;;0
1;CN;26502;A;19;AZUL;351;;0
2;CN;10502;A;30;AZUL;351;;0
3;CN;6584;D;6;AZUL;351;;0
4;CN;25724;C;26;AZUL;351;;0
5;CN;12931;A;14;AZUL;351;;0
6;CN;30589;C;6;AZUL;351;;0
7;CN;17720;C;15;AZUL;351;;0
8;CN;26767;E;23;AZUL;351;;0
9;CN;54081;C;12;AZUL;351;;0
10;CN;17836;A;14;AZUL;351;;0
11;CN;31086;C;25;AZUL;351;;0
12;CN;24519;D;5;AZUL;351;;0
13;CN;44252;E;2;AZUL;351;;0
14;CN;31431;D;18;AZUL;351;;0
15;CN;29265;X;17;AZUL;351;;0
16;CN;32452;C;2;AZUL;351;;0
17;CN;40504;C;4;AZUL;351;;0
18;CN;47412;D;10;AZUL;351;;0
19;CN;41814;C;17;AZUL;351;;0
20;CN;25730;C;25;AZUL;351;;0
21;CN;48319;A;24;AZUL;351;;0
22;CN;27588;A;22;AZUL;351;;0
23;CN;13958;C;14;AZUL;351;;0
24;CN;39096;B;21;AZUL;351;;0
25;CN;41357;C;28;AZUL;351;;0
26;CN;39407;B;27;AZUL;351;;0
27;CN;20029;D;3;AZUL;351;;0
28;CN;7507;E;20;AZUL;351;;0
29;CN;11529;B;16;AZUL;351;;0
30;CN;16176;E;8;AZUL;351;;0
31;CN;29358;B;7;AZUL;351;;0
32;CN;25309;A;29;AZUL;351;;0
33;CN;16906;C;7;AZUL;351;;0
34;CN;12203;C;13;AZUL;351;;0
35;CN;38532;A;27;AZUL;351;;0
36;CN;24617;E;1;AZUL;351;;0
37;CN;60336;B;10;AZUL;351;;0
38;CN;6781;D;20;AZUL;351;;0
39;CN;40730;E;11;AZUL;351;;0
40;CN;32875;B;8;AZUL;351;;0
41;CN;13099;B;3;AZUL;351;;0
42;CN;39747;E;26;AZUL;351;;0
43;CN;26405;D;9;AZUL;351;;0
44;CN;11750;A;5;AZUL;351;;0
45;CN;30477;B;18;AZUL;351;;0
1;CN;25724;C;26;AMARELA;352;;0
2;CN;12931;A;14;AMARELA;352;;0
3;CN;30589;C;6;AMARELA;352;;0
4;CN;17720;C;15;AMARELA;352;;0
5;CN;27588;A;22;AMARELA;352;;0
6;CN;13958;C;14;AMARELA;352;;0
7;CN;29265;X;17;AMARELA;352;;0
8;CN;7507;E;20;AMARELA;352;;0
9;CN;11529;B;16;AMARELA;352;;0
10;CN;16176;E;8;AMARELA;352;;0
11;CN;17836;A;14;AMARELA;352;;0
12;CN;31086;C;25;AMARELA;352;;0
13;CN;24519;D;5;AMARELA;352;;0
14;CN;44252;E;2;AMARELA;352;;0
15;CN;31431;D;18;AMARELA;352;;0
16;CN;39096;B;21;AMARELA;352;;0
17;CN;41357;C;28;AMARELA;352;;0
18;CN;39407;B;27;AMARELA;352;;0
19;CN;20029;D;3;AMARELA;352;;0
20;CN;26767;E;23;AMARELA;352;;0
21;CN;54081;C;12;AMARELA;352;;0
22;CN;26502;A;19;AMARELA;352;;0
23;CN;10502;A;30;AMARELA;352;;0
24;CN;6584;D;6;AMARELA;352;;0
25;CN;41814;C;17;AMARELA;352;;0
26;CN;25730;C;25;AMARELA;352;;0
27;CN;48319;A;24;AMARELA;352;;0
28;CN;39747;E;26;AMARELA;352;;0
29;CN;26405;D;9;AMARELA;352;;0
30;CN;11750;A;5;AMARELA;352;;0
31;CN;30477;B;18;AMARELA;352;;0
32;CN;12203;C;13;AMARELA;352;;0
33;CN;38532;A;27;AMARELA;352;;0
34;CN;24617;E;1;AMARELA;352;;0
35;CN;60336;B;10;AMARELA;352;;0
36;CN;29358;B;7;AMARELA;352;;0
37;CN;25309;A;29;AMARELA;352;;0
38;CN;16906;C;7;AMARELA;352;;0
39;CN;32452;C;2;AMARELA;352;;0
40;CN;40504;C;4;AMARELA;352;;0
41;CN;47412;D;10;AMARELA;352;;0
42;CN;6781;D;20;AMARELA;352;;0
43;CN;40730;E;11;AMARELA;352;;0
44;CN;32875;B;8;AMARELA;352;;0
45;CN;13099;B;3;AMARELA;352;;0
1;CN;39747;E;26;BRANCA;353;;0
2;CN;26405;D;9;BRANCA;353;;0
3;CN;11750;A;5;BRANCA;353;;0
4;CN;30477;B;18;BRANCA;353;;0
5;CN;6781;D;20;BRANCA;353;;0
6;CN;40730;E;11;BRANCA;353;;0
7;CN;32875;B;8;BRANCA;353;;0
8;CN;13099;B;3;BRANCA;353;;0
9;CN;12203;C;13;BRANCA;353;;0
10;CN;38532;A;27;BRANCA;353;;0
11;CN;24617;E;1;BRANCA;353;;0
12;CN;60336;B;10;BRANCA;353;;0
13;CN;29265;X;17;BRANCA;353;;0
14;CN;29358;B;7;BRANCA;353;;0
15;CN;25309;A;29;BRANCA;353;;0
16;CN;16906;C;7;BRANCA;353;;0
17;CN;7507;E;20;BRANCA;353;;0
18;CN;11529;B;16;BRANCA;353;;0
19;CN;16176;E;8;BRANCA;353;;0
20;CN;27588;A;22;BRANCA;353;;0
21;CN;13958;C;14;BRANCA;353;;0
22;CN;41814;C;17;BRANCA;353;;0
23;CN;25730;C;25;BRANCA;353;;0
24;CN;48319;A;24;BRANCA;353;;0
25;CN;32452;C;2;BRANCA;353;;0
26;CN;40504;C;4;BRANCA;353;;0
27;CN;47412;D;10;BRANCA;353;;0
28;CN;39096;B;21;BRANCA;353;;0
29;CN;41357;C;28;BRANCA;353;;0
30;CN;39407;B;27;BRANCA;353;;0
31;CN;20029;D;3;BRANCA;353;;0
32;CN;17836;A;14;BRANCA;353;;0
33;CN;31086;C;25;BRANCA;353;;0
34;CN;24519;D;5;BRANCA;353;;0
35;CN;44252;E;2;BRANCA;353;;0
36;CN;31431;D;18;BRANCA;353;;0
37;CN;26767;E;23;BRANCA;353;;0
38;CN;54081;C;12;BRANCA;353;;0
39;CN;25724;C;26;BRANCA;353;;0
40;CN;12931;A;14;BRANCA;353;;0
41;CN;30589;C;6;BRANCA;353;;0
42;CN;17720;C;15;BRANCA;353;;0
43;CN;26502;A;19;BRANCA;353;;0
44;CN;10502;A;30;BRANCA;353;;0
45;CN;6584;D;6;BRANCA;353;;0
1;CN;32452;C;2;ROSA;354;;0
2;CN;40504;C;4;ROSA;354;;0
3;CN;47412;D;10;ROSA;354;;0
4;CN;39747;E;26;ROSA;354;;0
5;CN;26405;D;9;ROSA;354;;0
6;CN;11750;A;5;ROSA;354;;0
7;CN;30477;B;18;ROSA;354;;0
8;CN;39096;B;21;ROSA;354;;0
9;CN;41357;C;28;ROSA;354;;0
10;CN;39407;B;27;ROSA;354;;0
11;CN;20029;D;3;ROSA;354;;0
12;CN;17836;A;14;ROSA;354;;0
13;CN;31086;C;25;ROSA;354;;0
14;CN;24519;D;5;ROSA;354;;0
15;CN;44252;E;2;ROSA;354;;0
16;CN;31431;D;18;ROSA;354;;0
17;CN;29358;B;7;ROSA;354;;0
18;CN;25309;A;29;ROSA;354;;0
19;CN;16906;C;7;ROSA;354;;0
20;CN;12203;C;13;ROSA;354;;0
21;CN;38532;A;27;ROSA;354;;0
22;CN;24617;E;1;ROSA;354;;0
23;CN;60336;B;10;ROSA;354;;0
24;CN;25724;C;26;ROSA;354;;0
25;CN;12931;A;14;ROSA;354;;0
26;CN;30589;C;6;ROSA;354;;0
27;CN;17720;C;15;ROSA;354;;0
28;CN;41814;C;17;ROSA;354;;0
29;CN;25730;C;25;ROSA;354;;0
30;CN;48319;A;24;ROSA;354;;0
31;CN;6781;D;20;ROSA;354;;0
32;CN;40730;E;11;ROSA;354;;0
33;CN;32875;B;8;ROSA;354;;0
34;CN;13099;B;3;ROSA;354;;0
35;CN;7507;E;20;ROSA;354;;0
36;CN;11529;B;16;ROSA;354;;0
37;CN;16176;E;8;ROSA;354;;0
38;CN;26502;A;19;ROSA;354;;0
39;CN;10502;A;30;ROSA;354;;0
40;CN;6584;D;6;ROSA;354;;0
41;CN;26767;E;23;ROSA;354;;0
42;CN;54081;C;12;ROSA;354;;0
43;CN;29265;X;17;ROSA;354;;0
44;CN;27588;A;22;ROSA;354;;0
45;CN;13958;C;14;ROSA;354;;0
1;CN;39747;E;26;BRANCA;355;;1
2;CN;17685;D;14;BRANCA;355;;1
3;CN;11750;A;5;BRANCA;355;;1
4;CN;30477;B;18;BRANCA;355;;1
5;CN;6781;D;20;BRANCA;355;;1
6;CN;40730;E;11;BRANCA;355;;1
7;CN;32875;B;8;BRANCA;355;;1
8;CN;13099;B;3;BRANCA;355;;1
9;CN;12203;C;13;BRANCA;355;;1
10;CN;38532;A;27;BRANCA;355;;1
11;CN;11055;E;1;BRANCA;355;;1
12;CN;60336;B;10;BRANCA;355;;1
13;CN;8839;A;17;BRANCA;355;;1
14;CN;29358;B;7;BRANCA;355;;1
15;CN;25309;A;29;BRANCA;355;;1
16;CN;16906;C;7;BRANCA;355;;1
17;CN;7507;E;20;BRANCA;355;;1
18;CN;11529;B;16;BRANCA;355;;1
19;CN;16176;E;8;BRANCA;355;;1
20;CN;11283;A;2;BRANCA;355;;1
21;CN;13958;C;14;BRANCA;355;;1
22;CN;41814;C;17;BRANCA;355;;1
23;CN;25730;C;25;BRANCA;355;;1
24;CN;48319;A;24;BRANCA;355;;1
25;CN;45062;C;7;BRANCA;355;;1
26;CN;40504;C;4;BRANCA;355;;1
27;CN;47412;D;10;BRANCA;355;;1
28;CN;39096;B;21;BRANCA;355;;1
29;CN;41357;C;28;BRANCA;355;;1
30;CN;39407;B;27;BRANCA;355;;1
31;CN;20029;D;3;BRANCA;355;;1
32;CN;17836;A;14;BRANCA;355;;1
33;CN;31086;C;25;BRANCA;355;;1
34;CN;24519;D;5;BRANCA;355;;1
35;CN;44252;E;2;BRANCA;355;;1
36;CN;31431;D;18;BRANCA;355;;1
37;CN;26767;E;23;BRANCA;355;;1
38;CN;48490;C;4;BRANCA;355;;1
39;CN;25724;C;26;BRANCA;355;;1
40;CN;12931;A;14;BRANCA;355;;1
41;CN;30589;C;6;BRANCA;355;;1
42;CN;17720;C;15;BRANCA;355;;1
43;CN;26502;A;19;BRANCA;355;;1
44;CN;10502;A;30;BRANCA;355;;1
45;CN;6584;D;6;BRANCA;355;;1
1;LC;42492;C;8;AMARELA;342;0;0
2;LC;23249;D;5;AMARELA;342;0;0
3;LC;20069;D;6;AMARELA;342;0;0
4;LC;27082;A;7;AMARELA;342;0;0
5;LC;25150;B;5;AMARELA;342;0;0
6;LC;10964;B;5;AMARELA;342;1;0
7;LC;29129;C;7;AMARELA;342;1;0
8;LC;23477;D;5;AMARELA;342;1;0
9;LC;32689;A;8;AMARELA;342;1;0
10;LC;23118;C;6;AMARELA;342;1;0
11;LC;44058;D;26;AMARELA;342;;0
12;LC;24336;D;2;AMARELA;342;;0
13;LC;48177;D;13;AMARELA;342;;0
14;LC;31106;B;1;AMARELA;342;;0
15;LC;12076;C;27;AMARELA;342;;0
16;LC;48939;C;24;AMARELA;342;;0
17;LC;62771;E;30;AMARELA;342;;0
18;LC;40552;C;9;AMARELA;342;;0
19;LC;9038;A;16;AMARELA;342;;0
20;LC;52657;E;29;AMARELA;342;;0
21;LC;40082;C;21;AMARELA;342;;0
22;LC;49148;D;18;AMARELA;342;;0
23;LC;30562;A;25;AMARELA;342;;0
24;LC;56029;E;23;AMARELA;342;;0
25;LC;27144;C;23;AMARELA;342;;0
26;LC;55055;A;18;AMARELA;342;;0
27;LC;12206;D;12;AMARELA;342;;0
28;LC;54466;A;15;AMARELA;342;;0
29;LC;14000;E;13;AMARELA;342;;0
30;LC;54127;B;28;AMARELA;342;;0
31;LC;55978;A;12;AMARELA;342;;0
32;LC;38461;C;24;AMARELA;342;;0
33;LC;45027;E;19;AMARELA;342;;0
34;LC;39276;E;9;AMARELA;342;;0
35;LC;17001;E;18;AMARELA;342;;0
36;LC;30304;B;17;AMARELA;342;;0
37;LC;26298;D;21;AMARELA;342;;0
38;LC;22891;A;10;AMARELA;342;;0
39;LC;40297;B;22;AMARELA;342;;0
40;LC;32806;A;14;AMARELA;342;;0
41;LC;49503;C;17;AMARELA;342;;0
42;LC;10180;D;18;AMARELA;342;;0
43;LC;32652;A;20;AMARELA;342;;0
44;LC;29006;C;17;AMARELA;342;;0
45;LC;60495;C;24;AMARELA;342;;0
46;LC;24146;C;4;AMARELA;342;;0
47;LC;17063;A;16;AMARELA;342;;0
48;LC;40420;C;4;AMARELA;342;;0
49;LC;42386;A;3;AMARELA;342;;0
50;LC;26271;E;17;AMARELA;342;;0
1;LC;23249;D;5;CINZA;344;0;0
2;LC;20069;D;6;CINZA;344;0;0
3;LC;27082;A;7;CINZA;344;0;0
4;LC;25150;B;5;CINZA;344;0;0
5;LC;42492;C;8;CINZA;344;0;0
6;LC;29129;C;7;CINZA;344;1;0
7;LC;10964;B;5;CINZA;344;1;0
8;LC;23118;C;6;CINZA;344;1;0
9;LC;23477;D;5;CINZA;344;1;0
10;LC;32689;A;8;CINZA;344;1;0
11;LC;17063;A;16;CINZA;344;;0
12;LC;40420;C;4;CINZA;344;;0
13;LC;42386;A;3;CINZA;344;;0
14;LC;26271;E;17;CINZA;344;;0
15;LC;32806;A;14;CINZA;344;;0
16;LC;49503;C;17;CINZA;344;;0
17;LC;10180;D;18;CINZA;344;;0
18;LC;32652;A;20;CINZA;344;;0
19;LC;29006;C;17;CINZA;344;;0
20;LC;60495;C;24;CINZA;344;;0
21;LC;24146;C;4;CINZA;344;;0
22;LC;40082;C;21;CINZA;344;;0
23;LC;49148;D;18;CINZA;344;;0
24;LC;30562;A;25;CINZA;344;;0
25;LC;9038;A;16;CINZA;344;;0
26;LC;52657;E;29;CINZA;344;;0
27;LC;12076;C;27;CINZA;344;;0
28;LC;48939;C;24;CINZA;344;;0
29;LC;62771;E;30;CINZA;344;;0
30;LC;40552;C;9;CINZA;344;;0
31;LC;17001;E;18;CINZA;344;;0
32;LC;30304;B;17;CINZA;344;;0
33;LC;26298;D;21;CINZA;344;;0
34;LC;22891;A;10;CINZA;344;;0
35;LC;55978;A;12;CINZA;344;;0
36;LC;38461;C;24;CINZA;344;;0
37;LC;45027;E;19;CINZA;344;;0
38;LC;39276;E;9;CINZA;344;;0
39;LC;12206;D;12;CINZA;344;;0
40;LC;54466;A;15;CINZA;344;;0
41;LC;14000;E;13;CINZA;344;;0
42;LC;54127;B;28;CINZA;344;;0
43;LC;56029;E;23;CINZA;344;;0
44;LC;27144;C;23;CINZA;344;;0
45;LC;55055;A;18;CINZA;344;;0
46;LC;48177;D;13;CINZA;344;;0
47;LC;31106;B;1;CINZA;344;;0
48;LC;40297;B;22;CINZA;344;;0
49;LC;44058;D;26;CINZA;344;;0
50;LC;24336;D;2;CINZA;344;;0
1;LC;27082;A;7;AZUL;341;0;0
2;LC;25150;B;5;AZUL;341;0;0
3;LC;42492;C;8;AZUL;341;0;0
4;LC;23249;D;5;AZUL;341;0;0
5;LC;20069;D;6;AZUL;341;0;0
6;LC;10964;B;5;AZUL;341;1;0
7;LC;29129;C;7;AZUL;341;1;0
8;LC;32689;A;8;AZUL;341;1;0
9;LC;23118;C;6;AZUL;341;1;0
10;LC;23477;D;5;AZUL;341;1;0
11;LC;48177;D;13;AZUL;341;;0
12;LC;31106;B;1;AZUL;341;;0
13;LC;12206;D;12;AZUL;341;;0
14;LC;54466;A;15;AZUL;341;;0
15;LC;14000;E;13;AZUL;341;;0
16;LC;54127;B;28;AZUL;341;;0
17;LC;56029;E;23;AZUL;341;;0
18;LC;27144;C;23;AZUL;341;;0
19;LC;55055;A;18;AZUL;341;;0
20;LC;40297;B;22;AZUL;341;;0
21;LC;32652;A;20;AZUL;341;;0
22;LC;29006;C;17;AZUL;341;;0
23;LC;60495;C;24;AZUL;341;;0
24;LC;24146;C;4;AZUL;341;;0
25;LC;44058;D;26;AZUL;341;;0
26;LC;24336;D;2;AZUL;341;;0
27;LC;55978;A;12;AZUL;341;;0
28;LC;38461;C;24;AZUL;341;;0
29;LC;45027;E;19;AZUL;341;;0
30;LC;39276;E;9;AZUL;341;;0
31;LC;17063;A;16;AZUL;341;;0
32;LC;40420;C;4;AZUL;341;;0
33;LC;42386;A;3;AZUL;341;;0
34;LC;26271;E;17;AZUL;341;;0
35;LC;9038;A;16;AZUL;341;;0
36;LC;52657;E;29;AZUL;341;;0
37;LC;12076;C;27;AZUL;341;;0
38;LC;48939;C;24;AZUL;341;;0
39;LC;62771;E;30;AZUL;341;;0
40;LC;40552;C;9;AZUL;341;;0
41;LC;40082;C;21;AZUL;341;;0
42;LC;49148;D;18;AZUL;341;;0
43;LC;30562;A;25;AZUL;341;;0
44;LC;17001;E;18;AZUL;341;;0
45;LC;30304;B;17;AZUL;341;;0
46;LC;26298;D;21;AZUL;341;;0
47;LC;22891;A;10;AZUL;341;;0
48;LC;32806;A;14;AZUL;341;;0
49;LC;49503;C;17;AZUL;341;;0
50;LC;10180;D;18;AZUL;341;;0
1;LC;27082;A;7;ROSA;343;0;0
2;LC;23249;D;5;ROSA;343;0;0
3;LC;25150;B;5;ROSA;343;0;0
4;LC;20069;D;6;ROSA;343;0;0
5;LC;42492;C;8;ROSA;343;0;0
6;LC;29129;C;7;ROSA;343;1;0
7;LC;10964;B;5;ROSA;343;1;0
8;LC;23118;C;6;ROSA;343;1;0
9;LC;32689;A;8;ROSA;343;1;0
10;LC;23477;D;5;ROSA;343;1;0
11;LC;17001;E;18;ROSA;343;;0
12;LC;30304;B;17;ROSA;343;;0
13;LC;26298;D;21;ROSA;343;;0
14;LC;22891;A;10;ROSA;343;;0
15;LC;44058;D;26;ROSA;343;;0
16;LC;24336;D;2;ROSA;343;;0
17;LC;56029;E;23;ROSA;343;;0
18;LC;27144;C;23;ROSA;343;;0
19;LC;55055;A;18;ROSA;343;;0
20;LC;48177;D;13;ROSA;343;;0
21;LC;31106;B;1;ROSA;343;;0
22;LC;40297;B;22;ROSA;343;;0
23;LC;55978;A;12;ROSA;343;;0
24;LC;38461;C;24;ROSA;343;;0
25;LC;45027;E;19;ROSA;343;;0
26;LC;39276;E;9;ROSA;343;;0
27;LC;32806;A;14;ROSA;343;;0
28;LC;49503;C;17;ROSA;343;;0
29;LC;10180;D;18;ROSA;343;;0
30;LC;32652;A;20;ROSA;343;;0
31;LC;29006;C;17;ROSA;343;;0
32;LC;60495;C;24;ROSA;343;;0
33;LC;24146;C;4;ROSA;343;;0
34;LC;12076;C;27;ROSA;343;;0
35;LC;48939;C;24;ROSA;343;;0
36;LC;62771;E;30;ROSA;343;;0
37;LC;40552;C;9;ROSA;343;;0
38;LC;9038;A;16;ROSA;343;;0
39;LC;52657;E;29;ROSA;343;;0
40;LC;40082;C;21;ROSA;343;;0
41;LC;49148;D;18;ROSA;343;;0
42;LC;30562;A;25;ROSA;343;;0
43;LC;17063;A;16;ROSA;343;;0
44;LC;40420;C;4;ROSA;343;;0
45;LC;42386;A;3;ROSA;343;;0
46;LC;26271;E;17;ROSA;343;;0
47;LC;12206;D;12;ROSA;343;;0
48;LC;54466;A;15;ROSA;343;;0
49;LC;14000;E;13;ROSA;343;;0
50;LC;54127;B;28;ROSA;343;;0
1;LC;42492;C;8;AMARELA;362;0;0
2;LC;23249;D;5;AMARELA;362;0;0
3;LC;20069;D;6;AMARELA;362;0;0
4;LC;27082;A;7;AMARELA;362;0;0
5;LC;25150;B;5;AMARELA;362;0;0
6;LC;10964;B;5;AMARELA;362;1;0
7;LC;29129;C;7;AMARELA;362;1;0
8;LC;23477;D;5;AMARELA;362;1;0
9;LC;32689;A;8;AMARELA;362;1;0
10;LC;23118;C;6;AMARELA;362;1;0
11;LC;44058;D;26;AMARELA;362;;0
12;LC;24336;D;2;AMARELA;362;;0
13;LC;48177;D;13;AMARELA;362;;0
14;LC;31106;B;1;AMARELA;362;;0
15;LC;12076;C;27;AMARELA;362;;0
16;LC;48939;C;24;AMARELA;362;;0
17;LC;62771;E;30;AMARELA;362;;0
18;LC;40552;C;9;AMARELA;362;;0
19;LC;9038;A;16;AMARELA;362;;0
20;LC;52657;E;29;AMARELA;362;;0
21;LC;40082;C;21;AMARELA;362;;0
22;LC;49148;D;18;AMARELA;362;;0
23;LC;30562;A;25;AMARELA;362;;0
24;LC;56029;E;23;AMARELA;362;;0
25;LC;27144;C;23;AMARELA;362;;0
26;LC;55055;A;18;AMARELA;362;;0
27;LC;12206;D;12;AMARELA;362;;0
28;LC;54466;A;15;AMARELA;362;;0
29;LC;14000;E;13;AMARELA;362;;0
30;LC;54127;B;28;AMARELA;362;;0
31;LC;55978;A;12;AMARELA;362;;0
32;LC;38461;C;24;AMARELA;362;;0
33;LC;45027;E;19;AMARELA;362;;0
34;LC;39276;E;9;AMARELA;362;;0
35;LC;17001;E;18;AMARELA;362;;0
36;LC;30304;B;17;AMARELA;362;;0
37;LC;26298;D;21;AMARELA;362;;0
38;LC;22891;A;10;AMARELA;362;;0
39;LC;40297;B;22;AMARELA;362;;0
40;LC;32806;A;14;AMARELA;362;;0
41;LC;49503;C;17;AMARELA;362;;0
42;LC;10180;D;18;AMARELA;362;;0
43;LC;32652;A;20;AMARELA;362;;0
44;LC;29006;C;17;AMARELA;362;;0
45;LC;60495;C;24;AMARELA;362;;0
46;LC;24146;C;4;AMARELA;362;;0
47;LC;17063;A;16;AMARELA;362;;0
48;LC;40420;C;4;AMARELA;362;;0
49;LC;42386;A;3;AMARELA;362;;0
50;LC;26271;E;17;AMARELA;362;;0
1;LC;23249;D;5;CINZA;364;0;0
2;LC;20069;D;6;CINZA;364;0;0
3;LC;27082;A;7;CINZA;364;0;0
4;LC;25150;B;5;CINZA;364;0;0
5;LC;42492;C;8;CINZA;364;0;0
6;LC;29129;C;7;CINZA;364;1;0
7;LC;10964;B;5;CINZA;364;1;0
8;LC;23118;C;6;CINZA;364;1;0
9;LC;23477;D;5;CINZA;364;1;0
10;LC;32689;A;8;CINZA;364;1;0
11;LC;17063;A;16;CINZA;364;;0
12;LC;40420;C;4;CINZA;364;;0
13;LC;42386;A;3;CINZA;364;;0
14;LC;26271;E;17;CINZA;364;;0
15;LC;32806;A;14;CINZA;364;;0
16;LC;49503;C;17;CINZA;364;;0
17;LC;10180;D;18;CINZA;364;;0
18;LC;32652;A;20;CINZA;364;;0
19;LC;29006;C;17;CINZA;364;;0
20;LC;60495;C;24;CINZA;364;;0
21;LC;24146;C;4;CINZA;364;;0
22;LC;40082;C;21;CINZA;364;;0
23;LC;49148;D;18;CINZA;364;;0
24;LC;30562;A;25;CINZA;364;;0
25;LC;9038;A;16;CINZA;364;;0
26;LC;52657;E;29;CINZA;364;;0
27;LC;12076;C;27;CINZA;364;;0
28;LC;48939;C;24;CINZA;364;;0
29;LC;62771;E;30;CINZA;364;;0
30;LC;40552;C;9;CINZA;364;;0
31;LC;17001;E;18;CINZA;364;;0
32;LC;30304;B;17;CINZA;364;;0
33;LC;26298;D;21;CINZA;364;;0
34;LC;22891;A;10;CINZA;364;;0
35;LC;55978;A;12;CINZA;364;;0
36;LC;38461;C;24;CINZA;364;;0
37;LC;45027;E;19;CINZA;364;;0
38;LC;39276;E;9;CINZA;364;;0
39;LC;12206;D;12;CINZA;364;;0
40;LC;54466;A;15;CINZA;364;;0
41;LC;14000;E;13;CINZA;364;;0
42;LC;54127;B;28;CINZA;364;;0
43;LC;56029;E;23;CINZA;364;;0
44;LC;27144;C;23;CINZA;364;;0
45;LC;55055;A;18;CINZA;364;;0
46;LC;48177;D;13;CINZA;364;;0
47;LC;31106;B;1;CINZA;364;;0
48;LC;40297;B;22;CINZA;364;;0
49;LC;44058;D;26;CINZA;364;;0
50;LC;24336;D;2;CINZA;364;;0
1;LC;27082;A;7;AZUL;361;0;0
2;LC;25150;B;5;AZUL;361;0;0
3;LC;42492;C;8;AZUL;361;0;0
4;LC;23249;D;5;AZUL;361;0;0
5;LC;20069;D;6;AZUL;361;0;0
6;LC;10964;B;5;AZUL;361;1;0
7;LC;29129;C;7;AZUL;361;1;0
8;LC;32689;A;8;AZUL;361;1;0
9;LC;23118;C;6;AZUL;361;1;0
10;LC;23477;D;5;AZUL;361;1;0
11;LC;48177;D;13;AZUL;361;;0
12;LC;31106;B;1;AZUL;361;;0
13;LC;12206;D;12;AZUL;361;;0
14;LC;54466;A;15;AZUL;361;;0
15;LC;14000;E;13;AZUL;361;;0
16;LC;54127;B;28;AZUL;361;;0
17;LC;56029;E;23;AZUL;361;;0
18;LC;27144;C;23;AZUL;361;;0
19;LC;55055;A;18;AZUL;361;;0
20;LC;40297;B;22;AZUL;361;;0
21;LC;32652;A;20;AZUL;361;;0
22;LC;29006;C;17;AZUL;361;;0
23;LC;60495;C;24;AZUL;361;;0
24;LC;24146;C;4;AZUL;361;;0
25;LC;44058;D;26;AZUL;361;;0
26;LC;24336;D;2;AZUL;361;;0
27;LC;55978;A;12;AZUL;361;;0
28;LC;38461;C;24;AZUL;361;;0
29;LC;45027;E;19;AZUL;361;;0
30;LC;39276;E;9;AZUL;361;;0
31;LC;17063;A;16;AZUL;361;;0
32;LC;40420;C;4;AZUL;361;;0
33;LC;42386;A;3;AZUL;361;;0
34;LC;26271;E;17;AZUL;361;;0
35;LC;9038;A;16;AZUL;361;;0
36;LC;52657;E;29;AZUL;361;;0
37;LC;12076;C;27;AZUL;361;;0
38;LC;48939;C;24;AZUL;361;;0
39;LC;62771;E;30;AZUL;361;;0
40;LC;40552;C;9;AZUL;361;;0
41;LC;40082;C;21;AZUL;361;;0
42;LC;49148;D;18;AZUL;361;;0
43;LC;30562;A;25;AZUL;361;;0
44;LC;17001;E;18;AZUL;361;;0
45;LC;30304;B;17;AZUL;361;;0
46;LC;26298;D;21;AZUL;361;;0
47;LC;22891;A;10;AZUL;361;;0
48;LC;32806;A;14;AZUL;361;;0
49;LC;49503;C;17;AZUL;361;;0
50;LC;10180;D;18;AZUL;361;;0
1;LC;27082;A;7;ROSA;363;0;0
2;LC;23249;D;5;ROSA;363;0;0
3;LC;25150;B;5;ROSA;363;0;0
4;LC;20069;D;6;ROSA;363;0;0
5;LC;42492;C;8;ROSA;363;0;0
6;LC;29129;C;7;ROSA;363;1;0
7;LC;10964;B;5;ROSA;363;1;0
8;LC;23118;C;6;ROSA;363;1;0
9;LC;32689;A;8;ROSA;363;1;0
10;LC;23477;D;5;ROSA;363;1;0
11;LC;17001;E;18;ROSA;363;;0
12;LC;30304;B;17;ROSA;363;;0
13;LC;26298;D;21;ROSA;363;;0
14;LC;22891;A;10;ROSA;363;;0
15;LC;44058;D;26;ROSA;363;;0
16;LC;24336;D;2;ROSA;363;;0
17;LC;56029;E;23;ROSA;363;;0
18;LC;27144;C;23;ROSA;363;;0
19;LC;55055;A;18;ROSA;363;;0
20;LC;48177;D;13;ROSA;363;;0
21;LC;31106;B;1;ROSA;363;;0
22;LC;40297;B;22;ROSA;363;;0
23;LC;55978;A;12;ROSA;363;;0
24;LC;38461;C;24;ROSA;363;;0
25;LC;45027;E;19;ROSA;363;;0
26;LC;39276;E;9;ROSA;363;;0
27;LC;32806;A;14;ROSA;363;;0
28;LC;49503;C;17;ROSA;363;;0
29;LC;10180;D;18;ROSA;363;;0
30;LC;32652;A;20;ROSA;363;;0
31;LC;29006;C;17;ROSA;363;;0
32;LC;60495;C;24;ROSA;363;;0
33;LC;24146;C;4;ROSA;363;;0
34;LC;12076;C;27;ROSA;363;;0
35;LC;48939;C;24;ROSA;363;;0
36;LC;62771;E;30;ROSA;363;;0
37;LC;40552;C;9;ROSA;363;;0
38;LC;9038;A;16;ROSA;363;;0
39;LC;52657;E;29;ROSA;363;;0
40;LC;40082;C;21;ROSA;363;;0
41;LC;49148;D;18;ROSA;363;;0
42;LC;30562;A;25;ROSA;363;;0
43;LC;17063;A;16;ROSA;363;;0
44;LC;40420;C;4;ROSA;363;;0
45;LC;42386;A;3;ROSA;363;;0
46;LC;26271;E;17;ROSA;363;;0
47;LC;12206;D;12;ROSA;363;;0
48;LC;54466;A;15;ROSA;363;;0
49;LC;14000;E;13;ROSA;363;;0
50;LC;54127;B;28;ROSA;363;;0
1;LC;23249;D;5;CINZA;365;0;1
2;LC;20069;D;6;CINZA;365;0;1
3;LC;27082;A;7;CINZA;365;0;1
4;LC;25150;B;5;CINZA;365;0;1
5;LC;42492;C;8;CINZA;365;0;1
6;LC;29129;C;7;CINZA;365;1;1
7;LC;10964;B;5;CINZA;365;1;1
8;LC;23118;C;6;CINZA;365;1;1
9;LC;23477;D;5;CINZA;365;1;1
10;LC;32689;A;8;CINZA;365;1;1
11;LC;17063;A;16;CINZA;365;;1
12;LC;40420;C;4;CINZA;365;;1
13;LC;42386;A;3;CINZA;365;;1
14;LC;26271;E;17;CINZA;365;;1
15;LC;32806;A;14;CINZA;365;;1
16;LC;49503;C;17;CINZA;365;;1
17;LC;10180;D;18;CINZA;365;;1
18;LC;32652;A;20;CINZA;365;;1
19;LC;29006;C;17;CINZA;365;;1
20;LC;60495;C;24;CINZA;365;;1
21;LC;24146;C;4;CINZA;365;;1
22;LC;40082;C;21;CINZA;365;;1
23;LC;49148;D;18;CINZA;365;;1
24;LC;30562;A;25;CINZA;365;;1
25;LC;9038;A;16;CINZA;365;;1
26;LC;52657;E;29;CINZA;365;;1
27;LC;12076;C;27;CINZA;365;;1
28;LC;48939;C;24;CINZA;365;;1
29;LC;62771;E;30;CINZA;365;;1
30;LC;40552;C;9;CINZA;365;;1
31;LC;17001;E;18;CINZA;365;;1
32;LC;30304;B;17;CINZA;365;;1
33;LC;26298;D;21;CINZA;365;;1
34;LC;22891;A;10;CINZA;365;;1
35;LC;55978;A;12;CINZA;365;;1
36;LC;38461;C;24;CINZA;365;;1
37;LC;45027;E;19;CINZA;365;;1
38;LC;39276;E;9;CINZA;365;;1
39;LC;12206;D;12;CINZA;365;;1
40;LC;54466;A;15;CINZA;365;;1
41;LC;14000;E;13;CINZA;365;;1
42;LC;54127;B;28;CINZA;365;;1
43;LC;56029;E;23;CINZA;365;;1
44;LC;27144;C;23;CINZA;365;;1
45;LC;55055;A;18;CINZA;365;;1
46;LC;48177;D;13;CINZA;365;;1
47;LC;31106;B;1;CINZA;365;;1
48;LC;40297;B;22;CINZA;365;;1
49;LC;44058;D;26;CINZA;365;;1
50;LC;24336;D;2;CINZA;365;;1
1;MT;24145;B;24;AMARELA;347;;0
2;MT;7411;D;22;AMARELA;347;;0
3;MT;27834;D;21;AMARELA;347;;0
4;MT;43030;D;17;AMARELA;347;;0
5;MT;32706;B;29;AMARELA;347;;0
6;MT;26643;D;23;AMARELA;347;;0
7;MT;32844;E;30;AMARELA;347;;0
8;MT;32680;B;11;AMARELA;347;;0
9;MT;40054;B;18;AMARELA;347;;0
10;MT;40433;C;14;AMARELA;347;;0
11;MT;29299;E;9;AMARELA;347;;0
12;MT;49022;B;22;AMARELA;347;;0
13;MT;24713;C;11;AMARELA;347;;0
14;MT;16347;E;8;AMARELA;347;;0
15;MT;20558;A;2;AMARELA;347;;0
16;MT;42387;C;1;AMARELA;347;;0
17;MT;25719;A;7;AMARELA;347;;0
18;MT;32535;A;3;AMARELA;347;;0
19;MT;9939;C;16;AMARELA;347;;0
20;MT;43250;E;17;AMARELA;347;;0
21;MT;12266;E;19;AMARELA;347;;0
22;MT;24787;E;6;AMARELA;347;;0
23;MT;43190;E;12;AMARELA;347;;0
24;MT;60496;A;19;AMARELA;347;;0
25;MT;38234;C;1;AMARELA;347;;0
26;MT;32010;E;12;AMARELA;347;;0
27;MT;38908;D;20;AMARELA;347;;0
28;MT;33451;C;4;AMARELA;347;;0
29;MT;44108;B;27;AMARELA;347;;0
30;MT;38587;A;5;AMARELA;347;;0
31;MT;29502;D;26;AMARELA;347;;0
32;MT;26970;C;13;AMARELA;347;;0
33;MT;26941;C;15;AMARELA;347;;0
34;MT;28286;D;25;AMARELA;347;;0
35;MT;16076;C;3;AMARELA;347;;0
36;MT;20584;D;26;AMARELA;347;;0
37;MT;40697;C;4;AMARELA;347;;0
38;MT;28830;D;24;AMARELA;347;;0
39;MT;37781;B;20;AMARELA;347;;0
40;MT;29258;A;25;AMARELA;347;;0
41;MT;40864;B;28;AMARELA;347;;0
42;MT;29466;B;10;AMARELA;347;;0
43;MT;25960;D;2;AMARELA;347;;0
44;MT;47319;B;7;AMARELA;347;;0
45;MT;17303;C;28;AMARELA;347;;0
1;MT;47319;B;7;CINZA;349;;0
2;MT;17303;C;28;CINZA;349;;0
3;MT;29258;A;25;CINZA;349;;0
4;MT;40864;B;28;CINZA;349;;0
5;MT;29466;B;10;CINZA;349;;0
6;MT;25960;D;2;CINZA;349;;0
7;MT;28830;D;24;CINZA;349;;0
8;MT;37781;B;20;CINZA;349;;0
9;MT;28286;D;25;CINZA;349;;0
10;MT;16076;C;3;CINZA;349;;0
11;MT;20584;D;26;CINZA;349;;0
12;MT;40697;C;4;CINZA;349;;0
13;MT;26970;C;13;CINZA;349;;0
14;MT;26941;C;15;CINZA;349;;0
15;MT;60496;A;19;CINZA;349;;0
16;MT;38234;C;1;CINZA;349;;0
17;MT;32010;E;12;CINZA;349;;0
18;MT;38908;D;20;CINZA;349;;0
19;MT;33451;C;4;CINZA;349;;0
20;MT;44108;B;27;CINZA;349;;0
21;MT;38587;A;5;CINZA;349;;0
22;MT;29502;D;26;CINZA;349;;0
23;MT;43250;E;17;CINZA;349;;0
24;MT;12266;E;19;CINZA;349;;0
25;MT;24787;E;6;CINZA;349;;0
26;MT;43190;E;12;CINZA;349;;0
27;MT;42387;C;1;CINZA;349;;0
28;MT;25719;A;7;CINZA;349;;0
29;MT;32535;A;3;CINZA;349;;0
30;MT;9939;C;16;CINZA;349;;0
31;MT;16347;E;8;CINZA;349;;0
32;MT;20558;A;2;CINZA;349;;0
33;MT;40433;C;14;CINZA;349;;0
34;MT;29299;E;9;CINZA;349;;0
35;MT;49022;B;22;CINZA;349;;0
36;MT;24713;C;11;CINZA;349;;0
37;MT;32706;B;29;CINZA;349;;0
38;MT;26643;D;23;CINZA;349;;0
39;MT;32844;E;30;CINZA;349;;0
40;MT;32680;B;11;CINZA;349;;0
41;MT;40054;B;18;CINZA;349;;0
42;MT;24145;B;24;CINZA;349;;0
43;MT;7411;D;22;CINZA;349;;0
44;MT;27834;D;21;CINZA;349;;0
45;MT;43030;D;17;CINZA;349;;0
1;MT;32706;B;29;AZUL;346;;0
2;MT;26643;D;23;AZUL;346;;0
3;MT;32844;E;30;AZUL;346;;0
4;MT;32680;B;11;AZUL;346;;0
5;MT;40054;B;18;AZUL;346;;0
6;MT;42387;C;1;AZUL;346;;0
7;MT;25719;A;7;AZUL;346;;0
8;MT;32535;A;3;AZUL;346;;0
9;MT;9939;C;16;AZUL;346;;0
10;MT;33451;C;4;AZUL;346;;0
11;MT;44108;B;27;AZUL;346;;0
12;MT;38587;A;5;AZUL;346;;0
13;MT;29502;D;26;AZUL;346;;0
14;MT;26970;C;13;AZUL;346;;0
15;MT;26941;C;15;AZUL;346;;0
16;MT;60496;A;19;AZUL;346;;0
17;MT;38234;C;1;AZUL;346;;0
18;MT;32010;E;12;AZUL;346;;0
19;MT;38908;D;20;AZUL;346;;0
20;MT;40433;C;14;AZUL;346;;0
21;MT;29299;E;9;AZUL;346;;0
22;MT;49022;B;22;AZUL;346;;0
23;MT;24713;C;11;AZUL;346;;0
24;MT;24145;B;24;AZUL;346;;0
25;MT;7411;D;22;AZUL;346;;0
26;MT;27834;D;21;AZUL;346;;0
27;MT;43030;D;17;AZUL;346;;0
28;MT;43250;E;17;AZUL;346;;0
29;MT;12266;E;19;AZUL;346;;0
30;MT;24787;E;6;AZUL;346;;0
31;MT;43190;E;12;AZUL;346;;0
32;MT;47319;B;7;AZUL;346;;0
33;MT;17303;C;28;AZUL;346;;0
34;MT;16347;E;8;AZUL;346;;0
35;MT;20558;A;2;AZUL;346;;0
36;MT;28286;D;25;AZUL;346;;0
37;MT;16076;C;3;AZUL;346;;0
38;MT;20584;D;26;AZUL;346;;0
39;MT;40697;C;4;AZUL;346;;0
40;MT;28830;D;24;AZUL;346;;0
41;MT;37781;B;20;AZUL;346;;0
42;MT;29258;A;25;AZUL;346;;0
43;MT;40864;B;28;AZUL;346;;0
44;MT;29466;B;10;AZUL;346;;0
45;MT;25960;D;2;AZUL;346;;0
1;MT;42387;C;1;ROSA;348;;0
2;MT;25719;A;7;ROSA;348;;0
3;MT;32535;A;3;ROSA;348;;0
4;MT;9939;C;16;ROSA;348;;0
5;MT;28830;D;24;ROSA;348;;0
6;MT;37781;B;20;ROSA;348;;0
7;MT;40433;C;14;ROSA;348;;0
8;MT;29299;E;9;ROSA;348;;0
9;MT;49022;B;22;ROSA;348;;0
10;MT;24713;C;11;ROSA;348;;0
11;MT;24145;B;24;ROSA;348;;0
12;MT;7411;D;22;ROSA;348;;0
13;MT;27834;D;21;ROSA;348;;0
14;MT;43030;D;17;ROSA;348;;0
15;MT;43250;E;17;ROSA;348;;0
16;MT;12266;E;19;ROSA;348;;0
17;MT;24787;E;6;ROSA;348;;0
18;MT;43190;E;12;ROSA;348;;0
19;MT;47319;B;7;ROSA;348;;0
20;MT;17303;C;28;ROSA;348;;0
21;MT;29258;A;25;ROSA;348;;0
22;MT;40864;B;28;ROSA;348;;0
23;MT;29466;B;10;ROSA;348;;0
24;MT;25960;D;2;ROSA;348;;0
25;MT;32706;B;29;ROSA;348;;0
26;MT;26643;D;23;ROSA;348;;0
27;MT;32844;E;30;ROSA;348;;0
28;MT;32680;B;11;ROSA;348;;0
29;MT;40054;B;18;ROSA;348;;0
30;MT;16347;E;8;ROSA;348;;0
31;MT;20558;A;2;ROSA;348;;0
32;MT;28286;D;25;ROSA;348;;0
33;MT;16076;C;3;ROSA;348;;0
34;MT;20584;D;26;ROSA;348;;0
35;MT;40697;C;4;ROSA;348;;0
36;MT;26970;C;13;ROSA;348;;0
37;MT;26941;C;15;ROSA;348;;0
38;MT;60496;A;19;ROSA;348;;0
39;MT;38234;C;1;ROSA;348;;0
40;MT;32010;E;12;ROSA;348;;0
41;MT;38908;D;20;ROSA;348;;0
42;MT;33451;C;4;ROSA;348;;0
43;MT;44108;B;27;ROSA;348;;0
44;MT;38587;A;5;ROSA;348;;0
45;MT;29502;D;26;ROSA;348;;0
1;MT;24145;B;24;AMARELA;367;;0
2;MT;7411;D;22;AMARELA;367;;0
3;MT;27834;D;21;AMARELA;367;;0
4;MT;43030;D;17;AMARELA;367;;0
5;MT;32706;B;29;AMARELA;367;;0
6;MT;26643;D;23;AMARELA;367;;0
7;MT;32844;E;30;AMARELA;367;;0
8;MT;32680;B;11;AMARELA;367;;0
9;MT;40054;B;18;AMARELA;367;;0
10;MT;40433;C;14;AMARELA;367;;0
11;MT;29299;E;9;AMARELA;367;;0
12;MT;49022;B;22;AMARELA;367;;0
13;MT;24713;C;11;AMARELA;367;;0
14;MT;16347;E;8;AMARELA;367;;0
15;MT;20558;A;2;AMARELA;367;;0
16;MT;42387;C;1;AMARELA;367;;0
17;MT;25719;A;7;AMARELA;367;;0
18;MT;32535;A;3;AMARELA;367;;0
19;MT;9939;C;16;AMARELA;367;;0
20;MT;43250;E;17;AMARELA;367;;0
21;MT;12266;E;19;AMARELA;367;;0
22;MT;24787;E;6;AMARELA;367;;0
23;MT;43190;E;12;AMARELA;367;;0
24;MT;60496;A;19;AMARELA;367;;0
25;MT;38234;C;1;AMARELA;367;;0
26;MT;32010;E;12;AMARELA;367;;0
27;MT;38908;D;20;AMARELA;367;;0
28;MT;33451;C;4;AMARELA;367;;0
29;MT;44108;B;27;AMARELA;367;;0
30;MT;38587;A;5;AMARELA;367;;0
31;MT;29502;D;26;AMARELA;367;;0
32;MT;26970;C;13;AMARELA;367;;0
33;MT;26941;C;15;AMARELA;367;;0
34;MT;28286;D;25;AMARELA;367;;0
35;MT;16076;C;3;AMARELA;367;;0
36;MT;20584;D;26;AMARELA;367;;0
37;MT;40697;C;4;AMARELA;367;;0
38;MT;28830;D;24;AMARELA;367;;0
39;MT;37781;B;20;AMARELA;367;;0
40;MT;29258;A;25;AMARELA;367;;0
41;MT;40864;B;28;AMARELA;367;;0
42;MT;29466;B;10;AMARELA;367;;0
43;MT;25960;D;2;AMARELA;367;;0
44;MT;47319;B;7;AMARELA;367;;0
45;MT;17303;C;28;AMARELA;367;;0
1;MT;47319;B;7;CINZA;369;;0
2;MT;17303;C;28;CINZA;369;;0
3;MT;29258;A;25;CINZA;369;;0
4;MT;40864;B;28;CINZA;369;;0
5;MT;29466;B;10;CINZA;369;;0
6;MT;25960;D;2;CINZA;369;;0
7;MT;28830;D;24;CINZA;369;;0
8;MT;37781;B;20;CINZA;369;;0
9;MT;28286;D;25;CINZA;369;;0
10;MT;16076;C;3;CINZA;369;;0
11;MT;20584;D;26;CINZA;369;;0
12;MT;40697;C;4;CINZA;369;;0
13;MT;26970;C;13;CINZA;369;;0
14;MT;26941;C;15;CINZA;369;;0
15;MT;60496;A;19;CINZA;369;;0
16;MT;38234;C;1;CINZA;369;;0
17;MT;32010;E;12;CINZA;369;;0
18;MT;38908;D;20;CINZA;369;;0
19;MT;33451;C;4;CINZA;369;;0
20;MT;44108;B;27;CINZA;369;;0
21;MT;38587;A;5;CINZA;369;;0
22;MT;29502;D;26;CINZA;369;;0
23;MT;43250;E;17;CINZA;369;;0
24;MT;12266;E;19;CINZA;369;;0
25;MT;24787;E;6;CINZA;369;;0
26;MT;43190;E;12;CINZA;369;;0
27;MT;42387;C;1;CINZA;369;;0
28;MT;25719;A;7;CINZA;369;;0
29;MT;32535;A;3;CINZA;369;;0
30;MT;9939;C;16;CINZA;369;;0
31;MT;16347;E;8;CINZA;369;;0
32;MT;20558;A;2;CINZA;369;;0
33;MT;40433;C;14;CINZA;369;;0
34;MT;29299;E;9;CINZA;369;;0
35;MT;49022;B;22;CINZA;369;;0
36;MT;24713;C;11;CINZA;369;;0
37;MT;32706;B;29;CINZA;369;;0
38;MT;26643;D;23;CINZA;369;;0
39;MT;32844;E;30;CINZA;369;;0
40;MT;32680;B;11;CINZA;369;;0
41;MT;40054;B;18;CINZA;369;;0
42;MT;24145;B;24;CINZA;369;;0
43;MT;7411;D;22;CINZA;369;;0
44;MT;27834;D;21;CINZA;369;;0
45;MT;43030;D;17;CINZA;369;;0
1;MT;32706;B;29;AZUL;366;;0
2;MT;26643;D;23;AZUL;366;;0
3;MT;32844;E;30;AZUL;366;;0
4;MT;32680;B;11;AZUL;366;;0
5;MT;40054;B;18;AZUL;366;;0
6;MT;42387;C;1;AZUL;366;;0
7;MT;25719;A;7;AZUL;366;;0
8;MT;32535;A;3;AZUL;366;;0
9;MT;9939;C;16;AZUL;366;;0
10;MT;33451;C;4;AZUL;366;;0
11;MT;44108;B;27;AZUL;366;;0
12;MT;38587;A;5;AZUL;366;;0
13;MT;29502;D;26;AZUL;366;;0
14;MT;26970;C;13;AZUL;366;;0
15;MT;26941;C;15;AZUL;366;;0
16;MT;60496;A;19;AZUL;366;;0
17;MT;38234;C;1;AZUL;366;;0
18;MT;32010;E;12;AZUL;366;;0
19;MT;38908;D;20;AZUL;366;;0
20;MT;40433;C;14;AZUL;366;;0
21;MT;29299;E;9;AZUL;366;;0
22;MT;49022;B;22;AZUL;366;;0
23;MT;24713;C;11;AZUL;366;;0
24;MT;24145;B;24;AZUL;366;;0
25;MT;7411;D;22;AZUL;366;;0
26;MT;27834;D;21;AZUL;366;;0
27;MT;43030;D;17;AZUL;366;;0
28;MT;43250;E;17;AZUL;366;;0
29;MT;12266;E;19;AZUL;366;;0
30;MT;24787;E;6;AZUL;366;;0
31;MT;43190;E;12;AZUL;366;;0
32;MT;47319;B;7;AZUL;366;;0
33;MT;17303;C;28;AZUL;366;;0
34;MT;16347;E;8;AZUL;366;;0
35;MT;20558;A;2;AZUL;366;;0
36;MT;28286;D;25;AZUL;366;;0
37;MT;16076;C;3;AZUL;366;;0
38;MT;20584;D;26;AZUL;366;;0
39;MT;40697;C;4;AZUL;366;;0
40;MT;28830;D;24;AZUL;366;;0
41;MT;37781;B;20;AZUL;366;;0
42;MT;29258;A;25;AZUL;366;;0
43;MT;40864;B;28;AZUL;366;;0
44;MT;29466;B;10;AZUL;366;;0
45;MT;25960;D;2;AZUL;366;;0
1;MT;42387;C;1;ROSA;368;;0
2;MT;25719;A;7;ROSA;368;;0
3;MT;32535;A;3;ROSA;368;;0
4;MT;9939;C;16;ROSA;368;;0
5;MT;28830;D;24;ROSA;368;;0
6;MT;37781;B;20;ROSA;368;;0
7;MT;40433;C;14;ROSA;368;;0
8;MT;29299;E;9;ROSA;368;;0
9;MT;49022;B;22;ROSA;368;;0
10;MT;24713;C;11;ROSA;368;;0
11;MT;24145;B;24;ROSA;368;;0
12;MT;7411;D;22;ROSA;368;;0
13;MT;27834;D;21;ROSA;368;;0
14;MT;43030;D;17;ROSA;368;;0
15;MT;43250;E;17;ROSA;368;;0
16;MT;12266;E;19;ROSA;368;;0
17;MT;24787;E;6;ROSA;368;;0
18;MT;43190;E;12;ROSA;368;;0
19;MT;47319;B;7;ROSA;368;;0
20;MT;17303;C;28;ROSA;368;;0
21;MT;29258;A;25;ROSA;368;;0
22;MT;40864;B;28;ROSA;368;;0
23;MT;29466;B;10;ROSA;368;;0
24;MT;25960;D;2;ROSA;368;;0
25;MT;32706;B;29;ROSA;368;;0
26;MT;26643;D;23;ROSA;368;;0
27;MT;32844;E;30;ROSA;368;;0
28;MT;32680;B;11;ROSA;368;;0
29;MT;40054;B;18;ROSA;368;;0
30;MT;16347;E;8;ROSA;368;;0
31;MT;20558;A;2;ROSA;368;;0
32;MT;28286;D;25;ROSA;368;;0
33;MT;16076;C;3;ROSA;368;;0
34;MT;20584;D;26;ROSA;368;;0
35;MT;40697;C;4;ROSA;368;;0
36;MT;26970;C;13;ROSA;368;;0
37;MT;26941;C;15;ROSA;368;;0
38;MT;60496;A;19;ROSA;368;;0
39;MT;38234;C;1;ROSA;368;;0
40;MT;32010;E;12;ROSA;368;;0
41;MT;38908;D;20;ROSA;368;;0
42;MT;33451;C;4;ROSA;368;;0
43;MT;44108;B;27;ROSA;368;;0
44;MT;38587;A;5;ROSA;368;;0
45;MT;29502;D;26;ROSA;368;;0
1;MT;47319;B;7;CINZA;370;;1
2;MT;17303;C;28;CINZA;370;;1
3;MT;29258;A;25;CINZA;370;;1
4;MT;40864;B;28;CINZA;370;;1
5;MT;29466;B;10;CINZA;370;;1
6;MT;25960;D;2;CINZA;370;;1
7;MT;28830;D;24;CINZA;370;;1
8;MT;37781;B;20;CINZA;370;;1
9;MT;28286;D;25;CINZA;370;;1
10;MT;16076;C;3;CINZA;370;;1
11;MT;20584;D;26;CINZA;370;;1
12;MT;40697;C;4;CINZA;370;;1
13;MT;26970;C;13;CINZA;370;;1
14;MT;26941;C;15;CINZA;370;;1
15;MT;60496;A;19;CINZA;370;;1
16;MT;38234;C;1;CINZA;370;;1
17;MT;32010;E;12;CINZA;370;;1
18;MT;38908;D;20;CINZA;370;;1
19;MT;33451;C;4;CINZA;370;;1
20;MT;44108;B;27;CINZA;370;;1
21;MT;38587;A;5;CINZA;370;;1
22;MT;29502;D;26;CINZA;370;;1
23;MT;43250;E;17;CINZA;370;;1
24;MT;12266;E;19;CINZA;370;;1
25;MT;24787;E;6;CINZA;370;;1
26;MT;43190;E;12;CINZA;370;;1
27;MT;42387;C;1;CINZA;370;;1
28;MT;25719;A;7;CINZA;370;;1
29;MT;32535;A;3;CINZA;370;;1
30;MT;9939;C;16;CINZA;370;;1
31;MT;16347;E;8;CINZA;370;;1
32;MT;20558;A;2;CINZA;370;;1
33;MT;40433;C;14;CINZA;370;;1
34;MT;29299;E;9;CINZA;370;;1
35;MT;49022;B;22;CINZA;370;;1
36;MT;24713;C;11;CINZA;370;;1
37;MT;32706;B;29;CINZA;370;;1
38;MT;26643;D;23;CINZA;370;;1
39;MT;32844;E;30;CINZA;370;;1
40;MT;32680;B;11;CINZA;370;;1
41;MT;40054;B;18;CINZA;370;;1
42;MT;24145;B;24;CINZA;370;;1
43;MT;7411;D;22;CINZA;370;;1
44;MT;27834;D;21;CINZA;370;;1
45;MT;43030;D;17;CINZA;370;;1
